LESSON;ORTHOGRAPHY;PHONOLOGY;GPMATCH;NB GRAPH;NB LET;NB SYLL;AUDIOFILE NAME;IS WORD;SYLLABIC STRUCTURE;PROPER NAME
1;a;a;a-a;1;1;1;phoneme_a;1;V;0
2;e;E;e-E;1;1;1;phoneme_e;0;V;0
3;i;I;i-I;1;1;1;phoneme_i;0;V;0
4;o;o;o-o;1;1;1;phoneme_o;0;V;0
5;u;V;u-V;1;1;1;phoneme_u;0;V;0
6;in;In;i-I.n-n;2;2;1;syl_in;1;VC;0
6;on;on;o-o.n-n.;2;2;1;syl_on;1;VC;0
6;an;an;a-a.n-n;2;2;1;syl_an;1;VC;0
6;nun;nVn;n-n.u-V.n-n;3;3;1;word_nun;1;CVC;0
6;Ann;an;a-a.n-n.n-n;3;3;1;word_Ann;0;VC;1
7;am;am;a-a.m-m;2;2;1;syl_am;1;VC;0
7;mom;mom;m-m.o-o.m-m;3;3;1;word_mom;1;CVC;0
7;man;man;m-m.a-a.n-n;3;3;1;word_man;1;CVC;0
8;us;Vs;u-V.s-s;2;2;1;word_us;1;VC;0
8;sum;sVm;s-s.u-V.m-m;3;3;1;word_sum;1;CVC;0
8;sun;sVn;s-s.u-V.n-n;3;3;1;word_sun;1;CVC;0
8;miss;mIs;m-m.i-I.s-s.s-s;4;4;1;word_miss;1;CVC;0
8;mess;mEs;m-m.e-E.s-s.s-s;4;4;1;word_mess;1;CVC;0
8;moss;mos;m-m.o-o.s-s.s-s;4;4;1;word_moss;1;CVC;0
8;Sam;sam;s-s.a-a.m-m;3;3;1;word_Sam;0;CVC;1
8;s;s;s-s;1;1;1;phoneme_s;0;C;0
9;less;lEs;l-l.e-E.s-s.s-s;4;4;1;word_less;1;CVC;0
9;loss;los;l-l.o-o.s-s.s-s;4;4;1;word_loss;1;CVC;0
9;mill;mIl;m-m.i-I.l-l.l-l;4;4;1;word_mill;1;CVC;0
9;ill;Il;i-I.l-l.l-l;3;3;1;word_ill;1;VC;0
9;Sal;sal;s-s.a-a.l-l;3;3;1;word_Sal;0;CVC;1
9;sell;sEL;s-s.e-E.l-l.l-l;4;4;1;word_sell;1;CVC;0
10;ram;ram;r-r.a-a.m-m;3;3;1;word_ram;1;CVC;0
10;rim;rIm;r-r.i-I.m-m;3;3;1;word_rim;1;CVC;0
10;rum;rVm;r-r.u-V.m-m;3;3;1;word_rum;1;CVC;0
10;run;rVn;r-r.u-V.n-n;3;3;1;word_run;1;CVC;0
10;ran;ran;r-r.a-a.n-n;3;3;1;word_ran;1;CVC;0
11;if;If;i-I.f-f;2;2;1;word_if;1;VC;0
11;off;of;o-o.f-f.f-f;3;3;1;word_off;1;VC;0
11;fill;fIl;f-f.i-I.l-l.l-l;4;4;1;word_fill;1;CVC;0
11;fell;fEl;f-f.e-E.l-l.l-l;4;4;1;word_fell;1;CVC;0
11;fuss;fVs;f-f.u-V.s-s.s-s;4;4;1;word_fuss;1;CVC;0
11;fun;fVn;f-f.u-V.n-n;3;3;1;word_fun;1;CVC;0
11;fan;fan;f-f.a-a.n-n.;3;3;1;word_fan;1;CVC;0
11;fin;fIn;f-f.i-I.n-n;3;3;1;word_fin;1;CVC;0
11;Finn;fIn;f-f.i-I.n-n.n-n;4;4;1;word_Finn;0;CVC;1
11;sniffs;snifs;s-s.n-n.i-I.f-f.f-f.s-s;6;6;1;word_sniffs;1;CCVCC;0
12;tan;tan;t-t.a-a.n-n;3;3;1;word_tan;1;CVC;0
12;tin;tin;t-t.i-I.n-n;3;3;1;word_tin;1;CVC;0
12;toss;tos;t-t.o-o.s-s.s-s;4;4;1;word_toss;1;CVC;0
12;tell;tel;t-t.e-E.l-l.l-l;4;4;1;word_tell;1;CVC;0
12;not;not;n-n.o-o.t-t.;3;3;1;word_not;1;CVC;0
12;mitt;mit;m-m.i-I.t-t.t-t;4;4;1;word_mitt;1;CVC;0
12;mut;mVt;m-m.u-V.t-t;3;3;1;word_mut;1;CVC;0
12;mat;mat;m-m.a-a.t-t;3;3;1;word_mat;1;CVC;0
12;sit;sIt;s-s.i-I.t-t;3;3;1;word_sit;1;CVC;0
12;sat;sat;s-s.a-a.t-t;3;3;1;word_sat;1;CVC;0
12;set;sEt;s-s.e-E.t-t;3;3;1;word_set;1;CVC;0
12;rat;rat;r-r.a-a.t-t;3;3;1;word_rat;1;CVC;0
12;rot;rot;r-r.o-o.t-t;3;3;1;word_rot;1;CVC;0
12;fat;fat;f-f.a-a.t-t;3;3;1;word_fat;1;CVC;0
12;fit;fIt;f-f.i-I.t-t;3;3;1;word_fit;1;CVC;0
12;last;last;l-l.a-a.s-s.t-t;4;4;1;word_last;1;CVCC;0
12;list;lIst;l-l.i-I.s-s.t-t;4;4;1;word_list;1;CVCC;0
12;it;It;i-I.t-t;2;2;1;word_it;1;VC;0
12;must;mVst;m-m.u-V.s-s.t-t;4;4;1;word_must;1;CVCC;0
12;fast;fast;f-f.a-a.s-s.t-t;4;4;1;word_fast;1;CVCC;0
12;lost;lost;l-l.o-o.s-s.t-t;4;4;1;word_lost;1;CVCC;0
12;left;left;l-l.e-E.f-f.t-t;4;4;1;word_left;1;CVCC;0
12;rest;rest;r-r.e-E.s-s.t-t;4;4;1;word_rest;1;CVCC;0
12;ten;ten;t-t.e-E.n-n;3;3;1;word_ten;1;CVC;0
12;stiff;stif;s-s.t-t.i-I.f-f.f-f;5;5;1;word_stiff;1;CCVC;0
12;staff;staf;s-s.t-t.a-a.f-f.f-f;5;5;1;word_staff;1;CCVC;0
12;stuff;stuf;s-s.t-t.u-V.f-f.f-f;5;5;1;word_stuff;1;CCVC;0
12;strum;strum;s-s.t-t.r-r.u-V.m-m;5;5;1;word_strum;-;CCCVC;0
12;strut;strut;s-s.t-t.r-r.u-V.t-t;5;5;1;word_strut;1;CCCVC;0
12;Tim;tim;t-t.i-I.m-m;3;3;1;word_Tim;0;CVC;1
12;nuts;nuts;n-n.u-V.t-t.s-s;4;4;1;word_nuts;1;CVCC;0
12;let;let;l-l.e-E.t-t;3;3;1;word_let;1;CVC;0
12;Tom;tom;t-t.o-o.m-m;3;3;1;word_Tom;0;CVC;1
12;Stan;stan;s-s.t-t.a-a.n-n;4;4;1;word_Stan;0;CCVC;1
12;at;at;a-a.t-t;2;2;1;word_at;1;VC;0
12;sits;sits;s-s.i-I.t-t.s-s;4;4;1;word_sits;1;CVCC;0
13;strap;strap;s-s.t-t.r-r.a-a.p-p;5;5;1;word_strap;-;CCCVC;0
13;pan;pan;p-p.a-a.n-n;3;3;1;word_pan;1;CVC;0
13;pen;pen;p-p.e-E.n-n;3;3;1;word_pen;1;CVC;0
13;pun;pun;p-p.u-V.n-n;3;3;1;word_pun;1;CVC;0
13;pass;pas;p-p.a-a.s-s.s-s;4;4;1;word_pass;1;CVC;0
13;puss;pVs;p-p.u-V.s-s.s-s;4;4;1;word_puss;1;CVC;0
13;puff;pVf;p-p.u-V.f-f.f-f;4;4;1;word_puff;1;CVC;0
13;pat;pat;p-p.a-a.t-t;3;3;1;word_pat;-;CVC;0
13;pit;pIt;p-p.i-I.t-t;3;3;1;word_pit;1;CVC;0
13;pot;pot;p-p.o-o.t-t;3;3;1;word_pot;1;CVC;0
13;nap;nap;n-n.a-a.p-p;3;3;1;word_nap;-;CVC;0
13;nip;nIp;n-n.i-I.p-p;3;3;1;word_nip;-;CVC;0
13;map;map;m-m.a-a.p-p;3;3;1;word_map;-;CVC;0
13;mop;mop;m-m.o-o.p-p;3;3;1;word_mop;-;CVC;0
13;up;Vp;u-V.p-p;2;2;1;word_up;1;VC;0
13;sap;sap;s-s.a-a.p-p;3;3;1;word_sap;1;CVC;0
13;sip;sIp;s-s.i-I.p-p;3;3;1;word_sip;1;CVC;0
13;sop;sop;s-s.o-o.p-p;3;3;1;word_sop;-;CVC;0
13;lap;lap;l-l.a-a.p-p;3;3;1;word_lap;1;CVC;0
13;lip;lIp;l-l.i-I.p-p;3;3;1;word_lip;1;CVC;0
13;rip;rIp;r-r.i-I.p-p;3;3;1;word_rip;1;CVC;0
13;tap;tap;t-t.a-a.p-p;3;3;1;word_tap;1;CVC;0
13;tip;tIp;t-t.i-I.p-p;3;3;1;word_tip;1;CVC;0
13;top;top;t-t.o-o.p-p;3;3;1;word_top;1;CVC;0
13;pest;pest;p-p.e-E.s-s.t-t;4;4;1;word_pest;1;CVCC;0
13;past;past;p-p.a-a.s-s.t-t;4;4;1;word_past;1;CVCC;0
13;pelt;pelt;p-p.e-E.l-l.t-t;4;4;1;word_pelt;-;CVCC;0
13;lamp;lamp;l-l.a-a.m-m.p-p;4;4;1;word_lamp;-;CVCC;0
13;limp;limp;l-l.i-I.m-m.p-p;4;4;1;word_limp;1;CVCC;0
13;pant;pant;p-p.a-a.n-n.t-t;4;4;1;word_pant;1;CVCC;0
13;trap;trap;t-t.r-r.a-a.p-p;4;4;1;word_trap;1;CCVC;0
13;trip;trIp;t-t.r-r.i-I.p-p;4;4;1;word_trip;-;CCVC;0
13;slip;slIp;s-s.l-l.i-I.p-p;4;4;1;word_slip;1;CCVC;0
13;slop;slop;s-s.l-l.o-o.p-p;4;4;1;word_slop;1;CCVC;0
13;sprint;sprInt;s-s.p-p.r-r.i-I.n-n.t-t;6;6;1;word_sprint;-;CCCVCC;0
13;pump;pVmp;p-p.u-V.m-m.p-p;4;4;1;word_pump;1;CVCC;0
13;lump;lVmp;l-l.u-V.m-m.p-p;4;4;1;word_lump;1;CVCC;0
13;Pam;pam;p-p.a-a.m-m;3;3;1;word_Pam;0;CVC;1
13;sips;sIps;s-s.i-I.p-p.s-s;4;4;1;word_sips;1;CVCC;0
13;pop;pop;p-p.o-o.p-p;3;3;1;word_pop;1;CVC;0
13;pants;pants;p-p.a-a.n-n.t-t.s-s;5;5;1;word_pants;1;CVCCC;0
13;plum;plum;p-p.l-l.u-V.m-m;4;4;1;word_plum;1;CCVC;0
13;pet;pet;p-p.e-E.t-t;3;3;1;word_pet;1;CVC;0
14;add;ad;a-a.d-d.d-d;3;3;1;word_add;1;VC;0
14;dad;dad;d-d.a-a.d-d;3;3;1;word_dad;1;CVC;0
14;did;did;d-d.i-I.d-d;3;3;1;word_did;1;CVC;0
14;dim;dim;d-d.i-I.m-m;3;3;1;word_dim;1;CVC;0
14;led;led;l-l.e-E.d-d;3;3;1;word_led;1;CVC;0
14;mud;mVd;m-m.u-V.d-d;3;3;1;word_mud;1;CVC;0
14;odd;od;o-o.d-d.d-d;3;3;1;word_odd;1;VC;0
14;red;rEd;r-r.e-E.d-d;3;3;1;word_red;1;CVC;0
14;rid;rId;r-r.i-I.d-d;3;3;1;word_rid;1;CVC;0
14;rod;rod;r-r.o-o.d-d;3;3;1;word_rod;1;CVC;0
14;damp;damp;d-d.a-a.m-m.p-p;4;4;1;word_damp;1;CVCC;0
14;drip;drIp;d-d.r-r.i-I.p-p;4;4;1;word_drip;1;CCVC;0
14;drum;drVm;d-d.r-r.u-V.m-m;4;4;1;word_drum;1;CCVC;0
14;dump;dVmp;d-d.u-V.m-m.p-p;4;4;1;word_dump;1;CVCC;0
14;dust;dVst;d-d.u-V.s-s.t-t;4;4;1;word_dust;1;CVCC;0
14;sled;slEd;s-s.l-l.e-E.d-d;4;4;1;word_sled;1;CCVC;0
14;sped;spEd;s-s.p-p.e-E.d-d;4;4;1;word_sped;1;CCVC;0
14;Dan;dan;d-d.a-a.n-n;3;3;1;word_Dan;0;CVC;1
14;and;and;a-a.n-n.d-d;3;3;1;word_and;1;VCC;0
14;dress;drEs;d-d.r-r.e-E.s-s.s-s;5;5;1;word_dress;1;CCVC;0
14;sad;sad;s-s.a-a.d-d;3;3;1;word_sad;1;CVC;0
14;mad;mad;m-m.a-a.d-d;3;3;1;word_mad;1;CVC;0
14;pond;pond;p-p.o-o.n-n.d-d;4;4;1;word_pond;1;CVCC;0
15;dusk;dVsk;d-d.u-V.s-s.k-k;4;4;1;word_dusk;1;CVCC;0
15;kid;kId;k-k.i-I.d-d;3;3;1;word_kid;1;CVC;0
15;kit;kIt;k-k.i-I.t-t;3;3;1;word_kit;1;CVC;0
15;kept;kEpt;k-k.e-E.p-p.t-t;4;4;1;word_kept;1;CVCC;0
15;kiss;kIs;k-k.i-I.s-s.s-s;4;4;1;word_kiss;1;CVC;0
15;silk;sIlk;s-s.i-I.l-l.k-k;4;4;1;word_silk;1;CVCC;0
15;skim;skIm;s-s.k-k.i-I.m-m;4;4;1;word_skim;1;CCVC;0
15;skin;skIn;s-s.k-k.i-I.n-n;4;4;1;word_skin;1;CCVC;0
15;skip;skIp;s-s.k-k.i-I.p-p;4;4;1;word_skip;1;CCVC;0
15;pumpkin;pVmp.kIn;p-p.u-V.m-m.p-p.k-k.i-I.n-n;7;7;2;word_pumpkin;1;CVCC.CVC;0
15;milk;mIlk;m-m.i-I.l-l.k-k;4;4;1;word_milk;1;CVCC;0
16;bat;bat;b-b.a-a.t-t;3;3;1;word_bat;1;CVC;0
16;bib;bIb;b-b.i-I.b-b;3;3;1;word_bib;1;CVC;0
16;bin;bIn;b-b.i-I.n-n;3;3;1;word_bin;1;CVC;0
16;bun;bVn;b-b.u-V.n-n;3;3;1;word_bun;1;CVC;0
16;bus;bVs;b-b.u-V.s-s;3;3;1;word_bus;1;CVC;0
16;but;bVt;b-b.u-V.t-t;3;3;1;word_but;1;CVC;0
16;rob;rob;r-r.o-o.b-b;3;3;1;word_rob;1;CVC;0
16;sob;sob;s-s.o-o.b-b;3;3;1;word_sob;1;CVC;0
16;tub;tVb;t-t.u-V.b-b;3;3;1;word_tub;1;CVC;0
16;bell;bEl;b-b.e-E.l-l.l-l;4;4;1;word_bell;1;CVC;0
16;belt;bElt;b-b.e-E.l-l.t-t;4;4;1;word_belt;1;CVCC;0
16;bent;bEnt;b-b.e-E.n-n.t-t;4;4;1;word_bent;1;CVCC;0
16;best;bEst;b-b.e-E.s-s.t-t;4;4;1;word_best;1;CVCC;0
16;Bob;bob;b-b.o-o.b-b;3;3;1;word_Bob;0;CVC;1
16;bad;bad;b-b.a-a.d-d;3;3;1;word_bad;1;CVC;0
16;rabbit;rab.It;r-r.a-a.b-b.b-b.i-I.t-t;6;6;2;word_rabbit;1;CVC.VC;0
17;ash;aS;a-a.sh-S;2;3;1;word_ash;1;VC;0
17;bash;baS;b-b.a-a.sh-S;3;4;1;word_bash;1;CVC;0
17;dish;dIS;d-d.i-I.sh-S;3;4;1;word_dish;1;CVC;0
17;fish;fIS;f-f.i-I.sh-S;3;4;1;word_fish;1;CVC;0
17;mash;maS;m-m.a-a.sh-S;3;4;1;word_mash;1;CVC;0
17;mush;mVS;m-m.u-V.sh-S;3;4;1;word_mush;1;CVC;0
17;rush;rVS;r-r.u-V.sh-S;3;4;1;word_rush;1;CVC;0
17;ship;Sip;sh-S.i-I.p-p;3;4;1;word_ship;1;CVC;0
17;shop;Sop;sh-S.o-o.p-p;3;4;1;word_shop;1;CVC;0
17;flesh;flES;f-f.l-l.e-E.sh-S;4;5;1;word_flesh;1;CCVC;0
17;fresh;frES;f-f.r-r.e-E.sh-S;4;5;1;word_fresh;1;CCVC;0
17;shell;Sel;sh-S.e-E.l-l.l-l;4;5;1;word_shell;1;CVC;0
17;smash;smaS;s-s.m-m.a-a.sh-S;4;5;1;word_smash;1;CCVC;0
17;shrimp;SrImp;sh-S.r-r.i-I.m-m.p-p;5;6;1;word_shrimp;1;CCVCC;0
18;act;akt;a-a.c-k.t-t;3;3;1;word_act;-;VCC;0
18;cab;kab;c-k.a-a.b-b;3;3;1;word_cab;1;CVC;0
18;can;kan;c-k.a-a.n-n;3;3;1;word_can;1;CVC;0
18;cap;kap;c-k.a-a.p-p;3;3;1;word_cap;-;CVC;0
18;cat;kat;c-k.a-a.t-t;3;3;1;word_cat;1;CVC;0
18;cop;kop;c-k.o-o.p-p;3;3;1;word_cop;1;CVC;0
18;cot;kot;c-k.o-o.t-t;3;3;1;word_cot;1;CVC;0
18;cub;kVb;c-k.u-V.b-b;3;3;1;word_cub;1;CVC;0
18;cup;kVp;c-k.u-V.p-p;3;3;1;word_cup;1;CVC;0
18;cut;kVt;c-k.u-V.t-t;3;3;1;word_cut;1;CVC;0
18;camp;kamp;c-k.a-a.m-m.p-p;4;4;1;word_camp;1;CVCC;0
18;cash;kaS;c-k.a-a.sh-S;3;4;1;word_cash;1;CVC;0
18;cast;kast;c-k.a-a.s-s.t-t;4;4;1;word_cast;1;CVCC;0
18;clap;klap;c-k.l-l.a-a.p-p;4;4;1;word_clap;1;CCVC;0
18;clip;klIp;c-k.l-l.i-I.p-p;4;4;1;word_clip;1;CCVC;0
18;cost;kost;c-k.o-o.s-s.t-t;4;4;1;word_cost;1;CVCC;0
18;cannot;kan.ot;c-k.a-a.n-n.n-n.o-o.t-t;6;6;2;word_cannot;1;CVC.VC;0
18;scram;skram;s-s.c-k.r-r.a-a.m-m;5;5;1;word_scram;1;CCCVC;0
18;scrap;skrap;s-s.c-k.r-r.a-a.p-p;5;5;1;word_scrap;-;CCCVC;0
18;traffic;traf.Ik;t-t.r-r.a-a.f-f.f-f.i-I.c-k;7;7;2;word_traffic;1;CCVC.VC;0
19;back;bak;b-b.a-a.ck-k;3;4;1;word_back;1;CVC;0
19;dock;dok;d-d.o-o.ck-k;3;4;1;word_dock;-;CVC;0
19;duck;dVk;d-d.u-V.ck-k;3;4;1;word_duck;1;CVC;0
19;kick;kIk;k-k.i-I.ck-k;3;4;1;word_kick;1;CVC;0
19;lick;lIk;l-l.i-I.ck-k;3;4;1;word_lick;-;CVC;0
19;lock;lok;l-l.o-o.ck-k;3;4;1;word_lock;1;CVC;0
19;neck;nEk;n-n.e-E.ck-k;3;4;1;word_neck;1;CVC;0
19;pack;pak;p-p.a-a.ck-k;3;4;1;word_pack;-;CVC;0
19;pick;pIk;p-p.i-I.ck-k;3;4;1;word_pick;1;CVC;0
19;rock;rok;r-r.o-o.ck-k;3;4;1;word_rock;1;CVC;0
19;sack;sak;s-s.a-a.ck-k;3;4;1;word_sack;-;CVC;0
19;sick;sIk;s-s.i-I.ck-k;3;4;1;word_sick;1;CVC;0
19;sock;sok;s-s.o-o.ck-k;3;4;1;word_sock;1;CVC;0
19;suck;sVk;s-s.u-V.ck-k;3;4;1;word_suck;1;CVC;0
19;tick;tIk;t-t.i-I.ck-k;3;4;1;word_tick;1;CVC;0
19;shack;Sak;sh-S.a-a.ck-k;3;5;1;word_shack;1;CVC;0
19;clock;klok;c-k.l-l.o-o.ck-k;4;5;1;word_clock;1;CCVC;0
19;Rick;rik;r-r.i-I.ck-k;3;4;1;word_Rick;0;CVC;1
19;socks;soks;s-s.o-o.ck-k.s-s;4;5;1;word_socks;1;CVCC;0
19;stuck;stVk;s-s.t-t.u-V.ck-k;4;5;1;word_stuck;1;CCVC;0
19;peck;pEk;p-p.e-E.ck-k;3;4;1;word_peck;1;CVC;0
19;trick;trIk;t-t.r-r.i-I.ck-k;4;5;1;word_trick;1;CCVC;0
19;tricks;trIks;t-t.r-r.i-I.ck-k.s-s;5;6;1;word_tricks;1;CCVCC;0
19;crack;krak;c-k.r-r.a-a.ck-k;4;5;1;word_crack;1;CCVC;0
20;win;wIn;w-w.i-I.n-n;3;3;1;word_win;1;CVC;0
20;west;wEst;w-w.e-E.s-s.t-t;4;4;1;word_west;1;CVCC;0
20;wept;wEpt;w-w.e-E.p-p.t-t;4;4;1;word_wept;1;CVCC;0
20;wish;wIS;w-w.i-I.sh-S;3;4;1;word_wish;1;CVC;0
20;well;wEl;w-w.e-E.l-l.l-l;4;4;1;word_well;-;CVC;0
20;will;wIL;w-w.i-I.l-l.l-l;4;4;1;word_will;-;CVC;0
20;wet;wEt;w-w.e-E.t-t;3;3;1;word_wet;1;CVC;0
20;went;went;w-w.e-E.n-n.t-t;4;4;1;word_went;-;CVCC;0
20;swift;swIft;s-s.w-w.i-I.f-f.t-t;5;5;1;word_swift;1;CCVCC;0
20;swim;swIm;s-s.w-w.i-I.m-m;4;4;1;word_swim;1;CCVC;0
21;fig;fIg;f-f.i-I.g-g;3;3;1;word_fig;1;CVC;0
21;bag;bag;b-b.a-a.g-g;3;3;1;word_bag;1;CVC;0
21;rag;rag;r-r.a-a.g-g;3;3;1;word_rag;1;CVC;0
21;leg;lEg;l-l.e-E.g-g;3;3;1;word_leg;1;CVC;0
21;dig;dIg;d-d.i-I.g-g;3;3;1;word_dig;1;CVC;0
21;rug;rVg;r-r.u-V.g-g;3;3;1;word_rug;1;CVC;0
21;fog;fog;f-f.o-o.g-g;3;3;1;word_fog;1;CVC;0
21;get;gEt;g-g.e-E.t-t;3;3;1;word_get;1;CVC;0
21;got;got;g-g.o-o.t-t;3;3;1;word_got;1;CVC;0
21;gut;gVt;g-g.u-V.t-t;3;3;1;word_gut;1;CVC;0
21;gum;gVm;g-g.u-V.m-m;3;3;1;word_gum;1;CVC;0
21;grab;grab;g-g.r-r.a-a.b-b;4;4;1;word_grab;1;CCVC;0
21;Gus;gVs;g-g.u-V.s-s;3;3;1;word_Gus;0;CVC;1
21;pig;pIg;p-p.i-I.g-g;3;3;1;word_pig;1;CVC;0
21;gift;gIft;g-g.i-I.f-f.t-t;4;4;1;word_gift;1;CVCC;0
21;glass;glas;g-g.l-l.a-a.s-s.s-s;5;5;1;word_glass;1;CCVC;0
21;dog;dog;d-d.o-o.g-g;3;3;1;word_dog;1;CVC;0
21;glops;glops;g-g.l-l.o-o.p-p.s-s;5;5;1;word_glops;1;CCVCC;0
21;gap;gap;g-g.a-a.p-p;3;3;1;word_gap;1;CVC;0
21;gas;gas;g-g.a-a.s-s;3;3;1;word_gas;1;CVC;0
21;gust;gVst;g-g.u-V.s-s.t-t;4;4;1;word_gust;1;CVCC;0
21;egg;Eg;e-E.g-g.g-g;3;3;1;word_egg;1;VC;0
21;bug;bVg;b-b.u-V.g-g;3;3;1;word_bug;1;CVC;0
21;sag;sag;s-s.a-a.g-g;3;3;1;word_sag;1;CVC;0
21;beg;bEg;b-b.e-E.g-g;3;3;1;word_beg;1;CVC;0
21;big;bIg;b-b.i-I.g-g;3;3;1;word_big;1;CVC;0
21;gush;gVS;g-g.u-V.sh-S;3;4;1;word_gush;1;CVC;0
22;hint;hInt;h-h.i-I.n-n.t-t;4;4;1;word_hint;1;CVCC;0
22;hug;hVg;h-h.u-V.g-g;3;3;1;word_hug;1;CVC;0
22;hand;hand;h-h.a-a.n-n.d-d;4;4;1;word_hand;1;CVCC;0
22;had;had;h-h.a-a.d-d;3;3;1;word_had;1;CVC;0
22;hid;hId;h-h.i-I.d-d;3;3;1;word_hid;1;CVC;0
22;hut;hVnt;h-h.u-V.t-t;3;3;1;word_hut;1;CVCC;0
22;hat;hat;h-h.a-a.t-t;3;3;1;word_hat;1;CVC;0
22;hit;hIt;h-h.i-I.t-t;3;3;1;word_hit;1;CVC;0
22;hop;hop;h-h.o-o.p-p;3;3;1;word_hop;0;CVC;0
22;hen;hEn;h-h.e-E.n-n;3;3;1;word_hen;1;CVC;0
22;ham;ham;h-h.a-a.m-m;3;3;1;word_ham;1;CVC;0
22;hem;hEm;h-h.e-E.m-m;3;3;1;word_hem;1;CVC;0
22;hum;hVm;h-h.u-V.m-m;3;3;1;word_hum;1;CVC;0
22;hiss;hIs;h-h.i-I.s-s.s-s;4;4;1;word_hiss;1;CVC;0
22;hill;hIl;h-h.i-I.l-l.l-l;4;4;1;word_hill;1;CVC;0
22;hub;hVb;h-h.u-V.b-b;3;3;1;word_hub;1;CVC;0
22;hot;hot;h-h.o-o.t-t;3;3;1;word_hot;1;CVC;0
22;helps;hElp;h-h.e-E.l-l.p-p.s-s;5;5;1;word_helps;1;CVCC;0
22;hog;hog;h-h.o-o.g-g;3;3;1;word_hog;1;CVC;0
22;hunt;hVnt;h-h.u-V.n-n.t-t;4;4;1;word_hunt;1;CVCC;0
23;vast;vast;v-v.a-a.s-s.t-t;4;4;1;word_vast;1;CVCC;0
23;van;van;v-v.a-a.n-n;3;3;1;word_van;1;CVC;0
23;vest;vEst;v-v.e-E.s-s.t-t;4;4;1;word_vest;1;CVCC;0
24;bumble;bVmbl;b-b.u-V.m-m.b-b.l-l.e-*;6;6;1;word_bumble;1;CVCCC;0
24;bottle;botl;b-b.o-o.t-t.t-t.l-l.e-*;6;6;1;word_bottle;1;CVCC;0
24;possible;pos.sI.bl;p-p.o-o.s-s.s-s.i-I.b-b.l-l.e-*;8;8;3;word_possible;1;CVC.CV.CC;0
24;shuttle;SVt.tl;sh-S.u-V.t-t.t-t.l-l.e-*;6;7;2;word_shuttle;1;CVC.CC;0
24;candle;kan.dl;c-k.a-a.n-n.d-d.l-l.e-*;6;6;2;word_candle;1;CVC.CC;0
24;gobble;gob.bl;g-g.o-o.b-b.b-b.l-l.e-*;6;6;2;word_gobble;1;CVC.CC;0
24;cuddle;kVd.dl;c-k.u-V.d-d.d-d.l-l.e-*;6;6;2;word_cuddle;1;CVC.CC;0
24;middle;mId.dl;m-m.i-I.d-d.d-d.l-l.e-*;6;6;2;word_middle;1;CVC.CC;0
24;apple;ap.pl;a-a.p-p.p-p.l-l.e-*;5;5;2;word_apple;1;VC.CC;0
24;have;hav;h-h.a-a.v-v.e-*;4;4;1;word_have;1;CVV;0
24;else;Els;e-E.l-l.s-s.e-*;4;4;1;word_else;1;VCC;0
24;battle;bat.tl;b-b.a-a.t-t.t-t.l-l.e-*;6;6;2;word_battle;1;CVC.CC;0
24;handle;han.dl;h-h.a-a.n-n.d-d.l-l.e-*;6;6;2;word_handle;1;CVC.CC;0
24;saddle;sad.dl;s-s.a-a.d-d.d-d.l-l.e-*;6;6;2;word_saddle;1;CVC.CC;0
24;rev;rEv;r-r.e-E.v-v;3;3;1;word_rev;1;CVC;0
24;live;lIv;l-l.i-I.v-v.e-*;4;4;1;word_live;1;CVC;0
24;sense;sEns;s-s.e-E.n-n.s-s.e-*;5;5;1;word_sense;1;CVCC;0
24;gone;gon;g-g.o-o.n-n.e-*;4;4;1;word_gone;1;CVC;0
24;give;gIv;g-g.i-I.v-v.e-*;4;4;1;word_give;1;CVC;0
24;little;lIt.tl;l-l.i-I.t-t.t-t.l-l.e-*;6;6;2;word_little;1;CVC.CC;0
24;active;ak.tIv;a-a.c-k.t-t.i-I.v-v.e-*;6;6;2;word_active;1;VC.CVC.CVv;0
25;is;Iz;i-I.s-z;2;2;1;word_is;1;VC;0
25;as;az;a-a.s-z;2;2;1;word_as;1;VC;0
25;has;haz;h-h.a-a.s-z;3;3;1;word_has;1;CVC;0
25;his;hIz;h-h.i-I.s-z;3;3;1;word_his;1;CVC;0
25;beds;bedz;b-b.e-E.d-d.s-z;4;4;1;word_beds;1;CVCC;0
25;hens;hEnz;h-h.e-E.n-n.s-z;4;4;1;word_hens;1;CVCC;0
25;kids;kIdz;k-k.i-I.d-d.s-z;4;4;1;word_kids;1;CVCC;0
25;wins;wInz;w-w.i-I.n-n.s-z;4;4;1;word_wins;1;CVCC;0
25;hands;handz;h-h.a-a.n-n.d-d.s-z;5;5;1;word_hands;1;CVCCC;0
25;visit;vIzIt;v-v.i-I.s-z.i-I.t-t;5;5;1;word_visit;1;CVCVC;0
25;sells;sElz;s-s.e-E.l-l.l-l.s-z;5;5;1;word_sells;1;CVCC;0
25;fills;fIlz;f-f.i-I.l-l.l-l.s-z;5;5;1;word_fills;1;CVCC;0
25;crabs;krabz;c-k.r-r.a-a.b-b.s-z;5;5;1;word_crabs;1;CCVCC;0
25;plums;plVmz;p-p.l-l.u-V.m-m.s-z;5;5;1;word_plums;1;CCVCC;0
25;shells;Selz;sh-S.e-E.l-l.l-l.s-z;5;6;1;word_shells;1;CVCC;0
25;runs;rVnz;r-r.u-V.n-n.s-z;4;4;1;word_runs;1;CVCC;0
25;dresses;drEs.Ez;d-d.r-r.e-E.s-s.s-s.e-E.s-z;7;7;2;word_dresses;1;CCVC.VC;0
25;s;z;s-z;1;1;1;phoneme_s;0;C;0
25;bugs;bVgz;b-b.u-V.g-g.s-z;4;4;1;word_bugs;1;CVCC;0
25;drums;drVmz;d-d.r-r.u-V.m-m.s-z;5;5;1;word_drums;1;CCVCC;0
25;candles;kan.dlz;c-k.a-a.n-n.d-d.l-l.e-*.s-z;7;7;2;word_candles;1;CVC.CCC;0
25;legs;lEgz;l-l.e-E.g-g.s-z;4;4;1;word_legs;1;CVCC;0
25;swims;swImz;s-s.w-w.i-I.m-m.s-z;5;5;1;word_swims;1;CCVCC;0
25;cackles;kak.klz;c-k.a-a.ck-k.l-l.e-*.s-z;6;7;2;word_cackles;1;CVC.CCC;0
25;eggs;Egz;e-E.g-g.g-g.s-z;4;4;1;word_eggs;1;VCC;0
25;pigs;pIgz;p-p.i-I.g-g.s-z.;4;4;1;word_pigs;1;CVCC;0
25;gives;gIvz;g-g.i-I.v-v.e-*.s-z;5;5;1;word_gives;1;CVCC;0
25;brushes;brVS.Ez;b-b.r-r.u-V.sh-S.e-E.s-z;6;7;2;word_brushes;1;CCVC.VC;0
25;battles;bat.tlz;b-b.a-a.t-t.t-t.l-l.e-*.s-z;7;7;2;word_battles;1;CVC.CCC;0
25;dogs;dogz;d-d.o-o.g-g.s-z;4;4;1;word_dogs;1;CVCC;0
25;present;prEz.Ent;p-p.r-r.e-E.s-z.e-E.n-n.t-t;7;7;2;word_present;1;CCVC.VCC;0
26;jam;Jam;j-J.a-a.m-m;3;3;1;word_jam;1;CVC;0
26;jet;Jet;j-J.e-E.t-t;3;3;1;word_jet;1;CVC;0
26;jog;Jog;j-J.o-o.g-g;3;3;1;word_jog;1;CVC;0
26;jig;Jig;j-J.i-I.g-g;3;3;1;word_jig;1;CVC;0
26;jab;Jab;j-J.a-a.b-b;3;3;1;word_jab;1;CVC;0
26;job;Job;j-J.o-o.b-b;3;3;1;word_job;1;CVC;0
26;jump;JVmp;j-J.u-V.m-m.p-p;4;4;1;word_jump;1;CVCC;0
26;just;JVst;j-J.u-V.s-s.t-t;4;4;1;word_just;1;CVCC;0
26;jumble;JVm.bl;j-J.u-V.m-m.b-b.l-l.e-*;6;6;2;word_jumble;1;CVC.CC;0
26;jug;JVg;j-J.u-V.g-g;3;3;1;word_jug;1;CVC;0
26;Jon;Jon;j-J.o-o.n-n;3;3;1;word_Jon;0;CVC;1
26;Jan;Jan;j-J.a-a.n-n;3;3;1;word_Jan;0;CVC;1
26;Jess;Jes;j-J.e-E.s-s.s-s;4;4;1;word_Jess;0;CVC;1
27;yum;jVm;y-j.u-V.m-m;3;3;1;word_yum;1;CVC;0
27;yes;jEs;y-j.e-E.s-s;3;3;1;word_yes;1;CVC;0
27;yap;jap;y-j.a-a.p-p;3;3;1;word_yap;1;CVC;0
27;yet;jEt;y-j.e-E.t-t;3;3;1;word_yet;1;CVC;0
27;yell;jEl;y-j.e-E.l-l.l-l;4;4;1;word_yell;1;CVC;0
28;sizzle;sizl;s-s.i-I.z-z.z-z.l-l.e-*;6;6;1;word_sizzle;1;CVCC;0
28;zig;zig;z-z.i-I.g-g;3;3;1;word_zig;1;CVC;0
28;zag;zag;z-z.a-a.g-g;3;3;1;word_zag;1;CVC;0
28;fizz;fIz;f-f.i-I.z-z.z-z;4;4;1;word_fizz;1;CVC;0
29;ox;ox;o-o.x-x;2;2;1;word_ox;1;VC;0
29;ax;ax;a-a.x-x;2;2;1;word_ax;1;VC;0
29;box;box;b-b.o-o.x-x;3;3;1;word_box;1;CVC;0
29;wax;wax;w-w.a-a.x-x;3;3;1;word_wax;1;CVC;0
29;fix;fIx;f-f.i-I.x-x;3;3;1;word_fix;1;CVC;0
29;six;sIx;s-s.i-I.x-x;3;3;1;word_six;1;CVC;0
29;expensive;Ex.pEn.sIv;e-E.x-x.p-p.e-E.n-n.s-s.i-I.v-v.e-*;9;9;3;word_expensive;1;VC.CVC.CVC;0
29;Max;max;m-m.a-a.x-x;3;3;1;word_Max;1;CVC;0
30;much;mVC;m-m.u-V.ch-C;3;4;1;word_much;1;CVC;0
30;chin;CIn;ch-C.i-I.n-n;3;4;1;word_chin;1;CVC;0
30;chip;CIp;ch-C.i-I.p-p;3;4;1;word_chip;1;CVC;0
30;chop;Cop;ch-C.o-o.p-p;3;4;1;word_chop;1;CVC;0
30;chat;Cat;ch-C.a-a.t-t;3;4;1;word_chat;1;CVC;0
30;pinch;pInC;p-p.i-I.n-n.ch-C;4;5;1;word_pinch;1;CVCC;0
30;bunch;bVnC;b-b.u-V.n-n.ch-C;4;5;1;word_bunch;1;CVCC;0
30;chuck;CVk;ch-C.u-V.ck-k;3;5;1;word_chuck;1;CVC;0
30;chest;CEst;ch-C.e-E.s-s.t-t;4;5;1;word_chest;1;CVCC;0
30;chess;CEs;ch-C.e-E.s-s.s-s;4;5;1;word_chess;1;CVC;0
30;check;CEk;ch-C.e-E.ck-k;3;5;1;word_check;1;CVC;0
30;champ;Camp;ch-C.a-a.m-m.p-p;4;5;1;word_champ;1;CVCC;0
30;bench;bEnC;b-b.e-E.n-n.ch-C;4;5;1;word_bench;1;CVCC;0
30;crunch;krVnC;c-k.r-r.u-V.n-n.ch-C;5;6;1;word_crunch;1;CCVCC;0
30;belch;bElC;b-b.e-E.l-l.ch-C;4;5;1;word_belch;1;CVCC;0
30;chomp;Comp;ch-C.o-o.m-m.p-p;4;5;1;word_chomp;1;CVCC;0
30;chips;CIps;ch-C.i-I.p-p.s-s;4;5;1;word_chips;1;CVCC;0
30;lunch;lVnC;l-l.u-V.n-n.ch-C;4;5;1;word_lunch;1;CVCC;0
30;chops;Cops;ch-C.o-o.p-p.s-s;4;5;1;word_chops;1;CVCC;0
30;children;CIl.drEn;ch-C.i-I.l-l.d-d.r-r.e-E.n-n;7;8;2;word_children;1;CVC.CCVC;0
31;shopping;Sop.pIN;sh-S.o-o.p-p.p-p.i-I.ng-N;6;8;2;word_shopping;1;CVC.CVC;0
31;bang;baN;b-b.a-a.ng-N;3;4;1;word_bang;1;CVC;0
31;sing;sIN;s-s.i-I.ng-N;3;4;1;word_sing;1;CVC;0
31;gong;goN;g-g.o-o.ng-N;3;4;1;word_gong;1;CVC;0
31;hung;hVN;h-h.u-V.ng-N;3;4;1;word_hung;1;CVC;0
31;hang;haN;h-h.a-a.ng-N;3;4;1;word_hang;1;CVC;0
31;song;soN;s-s.o-o.ng-N;3;4;1;word_song;1;CVC;0
31;rung;rVN;r-r.u-V.ng-N;3;4;1;word_rung;1;CVC;0
31;gang;gaN;g-g.a-a.ng-N;3;4;1;word_gang;1;CVC;0
31;bring;brIN;b-b.r-r.i-I.ng-N;4;5;1;word_bring;1;CCVC;0
31;swing;swIN;s-s.w-w.i-I.ng-N;4;5;1;word_swing;1;CCVC;0
31;sting;stIN;s-s.t-t.i-I.ng-N;4;5;1;word_sting;1;CCVC;0
31;sitting;sIt.IN;s-s.i-I.t-t.t-t.i-I.ng-N;6;7;2;word_sitting;1;CVC.VC;0
31;singing;sIN.IN;s-s.i-I.ng-N.i-I.ng-N;5;7;2;word_singing;1;CVC.VC;0
31;string;strIN;s-s.t-t.r-r.i-I.ng-N;5;6;1;word_string;1;CCCVC;0
31;long;loN;l-l.o-o.ng-N;3;4;1;word_long;1;CVC;0
31;strong;stroN;s-s.t-t.r-r.o-o.ng-N;5;6;1;word_strong;1;CCCVC;0
31;strings;strINz;s-s.t-t.r-r.i-I.ng-N.s-z.;6;7;1;word_strings;1;CCCVCC;0
31;hangs;haNz;h-h.a-a.ng-N.s-z;4;5;1;word_hangs;1;CVCC;0
31;songs;soNz;s-s.o-o.ng-N.s-z;4;5;1;word_songs;1;CVCC;0
31;running;rVn.nIN;r-r.u-V.n-n.n-n.i-I.ng-N;6;7;2;word_running;1;CVC.CVC;0
31;spring;sprIN;s-s.p-p.r-r.i-I.ng-N;5;6;1;word_spring;1;CCCVC;0
31;sings;sINz;s-s.i-I.ng-N.s-z;4;5;1;word_sings;1;CVCC;0
31;jumping;JVmpIN;j-J.u-V.m-m.p-p.i-I.ng-N;6;7;1;word_jumping;1;CVCCVC;0
31;sang;saN;s-s.a-a.ng-N;3;4;1;word_sang;1;CVC;0
32;thin;TIn;th-T.i-I.n-n;3;4;1;word_thin;1;CVC;0
32;path;paT;p-p.a-a.th-T;3;4;1;word_path;1;CVC;0
32;with;wIT;w-w.i-I.th-T;3;4;1;word_with;1;CVC;0
32;moth;moT;m-m.o-o.th-T;3;4;1;word_moth;1;CVC;0
32;bath;baT;b-b.a-a.th-T;3;4;1;word_bath;1;CVC;0
32;thud;TVd;th-T.u-V.d-d;3;4;1;word_thud;1;CVC;0
32;thing;TIN;th-T.i-I.ng-N;3;5;1;word_thing;1;CVC;0
32;broth;broT;b-b.r-r.o-o.th-T;4;5;1;word_broth;1;CCVC;0
32;thick;TIk;th-T.i-I.ck-k;3;5;1;word_thick;1;CVC;0
32;length;lENT;l-l.e-E.ng-N.th-T;4;6;1;word_length;1;CVCC;0
32;thistles;TIst.Elz;th-T.i-I.s-s.t-t.l-l.e-*.s-z;7;8;2;word_thistles;1;CVC.VCC;0
32;strength;strENT;s-s.t-t.r-r.e-E.ng-N.th-T;6;8;1;word_strength;1;CCCVCC;0
33;bunk;bVNk;b-b.u-V.n-N.k-k;4;4;1;word_bunk;1;CVCC;0
33;sunk;sVNk;s-s.u-V.n-N.k-k;4;4;1;word_sunk;1;CVCC;0
33;sink;sINk;s-s.i-I.n-N.k-k;4;4;1;word_sink;1;CVCC;0
33;sank;saNk;s-s.a-a.n-N.k-k;4;4;1;word_sank;1;CVCC;0
33;rink;rInk;r-r.i-I.n-N.k-k;4;4;1;word_rink;1;CVCC;0
33;pink;pINk;p-p.i-I.n-N.k-k;4;4;1;word_pink;1;CVCC;0
33;bank;baNk;b-b.a-a.n-N.k-k;4;4;1;word_bank;1;CVCC;0
33;thank;TaNk;th-T.a-a.n-N.k-k;4;5;1;word_thank;1;CVCC;0
33;think;TINk;th-T.i-I.n-N.k-k;4;5;1;word_think;1;CVCC;0
33;twinkle;twIN.kl;t-t.w-w.i-I.n-N.k-k.l-l.e-*;7;7;2;word_twinkle;1;CCVC.CC;0
34;a;e;a-e;1;1;1;phoneme_e;1;V;0
34;ate;et;a-e.t-t.e-*;3;3;1;word_ate;1;VC;0
34;ape;ep;a-e.p-p.e-*;3;3;1;word_ape;1;VC;0
34;cane;ken;c-k.a-e.n-n.e-*;4;4;1;word_cane;1;CVC;0
34;gave;gev;g-g.a-e.v-v.e-*;4;4;1;word_gave;1;CVv;0
34;cake;kek;c-k.a-e.k-k.e-*;4;4;1;word_cake;1;CVC;0
34;maze;mez;m-m.a-e.z-z.e-*;4;4;1;word_maze;1;CVC;0
34;vase;ves;v-v.a-e.s-s.e-*;4;4;1;word_vase;1;CVC;0
34;hate;het;h-h.a-e.t-t.e-*;4;4;1;word_hate;1;CVC;0
34;tape;tep;t-t.a-e.p-p.e-*;4;4;1;word_tape;1;CVC;0
34;made;med;m-m.a-e.d-d.e-*;4;4;1;word_made;1;CVC;0
34;fade;fed;f-f.a-e.d-d.e-*;4;4;1;word_fade;1;CVC;0
34;pane;pen;p-p.a-e.n-n.e-*;4;4;1;word_pane;1;CVC;0
34;late;let;l-l.a-e.t-t.e-*;4;4;1;word_late;1;CVC;0
34;game;gem;g-g.a-e.m-m.e-*;4;4;1;word_game;1;CVC;0
34;take;tek;t-t.a-e.k-k.e-*;4;4;1;word_take;1;CVC;0
34;table;te.bl;t-t.a-e.b-b.l-l.e-*;5;5;2;word_table;1;CV.CC;0
34;crane;kren;c-k.r-r.a-e.n-n.e-*;5;5;1;word_crane;1;CCVC;0
34;waste;west;w-w.a-e.s-s.t-t.e-*;5;5;1;word_waste;1;CVCC;0
34;taste;test;t-t.a-e.s-s.t-t.e-*;5;5;1;word_taste;1;CVCC;0
34;paste;pest;p-p.a-e.s-s.t-t.e-*;5;5;1;word_paste;1;CVCC;0
34;plane;plen;p-p.l-l.a-e.n-n.e-*;5;5;1;word_plane;1;CCVC;0
34;came;kem;c-k.a-e.m-m.e-*;4;4;1;word_came;1;CVC;0
34;brave;brev;b-b.r-r.a-e.v-v.e-*;5;5;1;word_brave;1;CCVv;0
34;games;gemz;g-g.a-e.m-m.e-*.s-z;5;5;1;word_games;1;CVCC;0
34;make;mek;m-m.a-e.k-k.e-*;4;4;1;word_make;1;CVC;0
34;makes;meks;m-m.a-e.k-k.e-*.s-s;5;5;1;word_makes;1;CVCC;0
35;eel;il;ee-i.l-l;2;3;1;word_eel;1;VC;0
35;bee;bi;b-b.ee-i;2;3;1;word_bee;1;CV;0
35;see;si;s-s.ee-i;2;3;1;word_see;1;CV;0
35;free;fri;f-f.r-r.ee-i;3;4;1;word_free;1;CCV;0
35;deep;dip;d-d.ee-i.p-p;3;4;1;word_deep;1;CVC;0
35;keep;kip;k-k.ee-i.p-p;3;4;1;word_keep;1;CVC;0
35;feet;fit;f-f.ee-i.t-t;3;4;1;word_feet;1;CVC;0
35;seem;sim;s-s.ee-i.m-m;3;4;1;word_seem;1;CVC;0
35;meet;mit;m-m.ee-i.t-t;3;4;1;word_meet;1;CVC;0
35;tree;tri;t-t.r-r.ee-i;3;4;1;word_tree;1;CCV;0
35;geese;gis;g-g.ee-i.s-s.e-*;4;5;1;word_geese;1;CVC;0
35;sheep;Sip;sh-S.ee-i.p-p;3;5;1;word_sheep;1;CVC;0
35;green;grin;g-g.r-r.ee-i.n-n;4;5;1;word_green;1;CCVC;0
35;sleep;slip;s-s.l-l.ee-i.p-p;4;5;1;word_sleep;1;CCVC;0
35;sneeze;sniz;s-s.n-n.ee-i.z-z.e-*;5;6;1;word_sneeze;1;CCVC;0
35;street;strit;s-s.t-t.r-r.ee-i.t-t;5;6;1;word_street;1;CCCVC;0
35;freeze;friz;f-f.r-r.ee-i.z-z.e-*;5;6;1;word_freeze;1;CCVC;0
35;sheer;Sir;sh-S.ee-i.r-r;3;5;1;word_sheer;1;CVC;0
35;seek;sik;s-s.ee-i.k-k;3;4;1;word_seek;1;CVC;0
35;needles;ni.dlz;n-n.ee-i.d-d.l-l.e-*.s-z;6;7;2;word_needles;1;CV.CCC;0
35;needs;nidz;n-n.ee-i.d-d.s-z;4;5;1;word_needs;1;CVCC;0
35;sweet;swit;s-s.w-w.ee-i.t-t;4;5;1;word_sweet;1;CCVC;0
35;feel;fil;f-f.ee-i.l-l;3;4;1;word_feel;1;CVC;0
35;between;bi.twin;b-b.e-i.t-t.w-w.ee-i.n-n;6;7;2;word_between;1;CV.CCVC;0
35;trees;triz;t-t.r-r.ee-i.s-z;4;5;1;word_trees;1;CCVC;0
35;coffee;kof.fi;c-k.o-o.f-f.f-f.ee-i;5;6;2;word_coffee;1;CVC.CV;0
35;be;bi;b-b.e-i;2;2;1;word_be;1;CV;0
35;he;hi;h-h.e-i.;2;2;1;word_he;1;CV;0
35;me;mi;m-m.e-i;2;2;1;word_me;1;CV;0
35;we;wi;w-w.e-i;2;2;1;word_we;1;CV;0
35;she;Si;sh-S.e-i;2;3;1;word_she;1;CV;0
35;here;hir;h-h.e-i.r-r.e-*;4;4;1;word_here;1;CVC;0
35;being;bi.IN;b-b.e-i.i-I.ng-N;4;5;2;word_being;1;CV.VC;0
35;concrete;kon.crit;c-k.o-o.n-n.c-k.r-r.e-i.t-t.e-*;8;8;2;word_concrete;1;CVC.cCVC;0
36;hi;h2;h-h.i-2;2;2;1;word_hi;1;CV;0
36;pie;p2;p-p.i-2.e-*;3;3;1;word_pie;1;CV;0
36;lie;l2;l-l.i-2.e-*;3;3;1;word_lie;1;CV;0
36;tie;t2;t-t.i-2.e-*;3;3;1;word_tie;1;CV;0
36;fire;f2r;f-f.i-2.r-r.e-*;4;4;1;word_fire;1;CVC;0
36;wife;w2f;w-w.i-2.f-f.e-*;4;4;1;word_wife;1;CVC;0
36;five;f2v;f-f.i-2.v-v.e-*;4;4;1;word_five;1;CVv;0
36;pile;p2l;p-p.i-2.l-l.e-*;4;4;1;word_pile;1;CVC;0
36;fine;f2n;f-f.i-2.n-n.e-*;4;4;1;word_fine;1;CVC;0
36;hide;h2d;h-h.i-2.d-d.e-*;4;4;1;word_hide;1;CVC;0
36;kind;k2nd;k-k.i-2.n-n.d-d;4;4;1;word_kind;1;CVCC;0
36;wild;w2ld;w-w.i-2.l-l.d-d;4;4;1;word_wild;1;CVCC;0
36;mild;m2ld;m-m.i-2.l-l.d-d;4;4;1;word_mild;1;CVCC;0
36;bike;b2k;b-b.i-2.k-k.e-*;4;4;1;word_bike;1;CVC;0
36;ride;r2d;r-r.i-2.d-d.e-*;4;4;1;word_ride;1;CVC;0
36;pine;p2n;p-p.i-2.n-n.e-*;4;4;1;word_pine;1;CVC;0
36;life;l2f;l-l.i-2.f-f.e-*;4;4;1;word_life;1;CVC;0
36;spine;sp2n;s-s.p-p.i-2.n-n.e-*;5;5;1;word_spine;1;CCVC;0
36;glide;gl2d;g-g.l-l.i-2.d-d.e-*;5;5;1;word_glide;1;CCVC;0
36;grind;gr2nd;g-g.r-r.i-2.n-n.d-d;5;5;1;word_grind;1;CCVCC;0
36;child;C2ld;ch-C.i-2.l-l.d-d;4;5;1;word_child;1;CVCC;0
36;blind;bl2nd;b-b.l-l.i-2.n-n.d-d;5;5;1;word_blind;1;CCVCC;0
36;pines;p2nz;p-p.i-2.n-n.e-*.s-z;5;5;1;word_pines;1;CVCC;0
36;stripe;str2p;s-s.t-t.r-r.i-2.p-p.e-*;6;6;1;word_stripe;1;CCCVC;0
36;driving;dr2.vIN;d-d.r-r.i-2.v-v.i-I.ng-N;6;7;2;word_driving;1;CCV.vVC;0
36;silent;s2.lEnt;s-s.i-2.l-l.e-E.n-n.t-t;6;6;2;word_silent;1;CV.CVCC;0
36;I;2;i-2;1;1;1;phoneme_2;1;V;0
36;likes;l2ks;l-l.i-2.k-k.e-*.s-s;5;5;1;word_likes;1;CVCC;0
36;time;t2m;t-t.i-2.m-m.e-*;4;4;1;word_time;1;CVC;0
36;like;l2k;l-l.i-2.k-k.e-*;4;4;1;word_like;1;CVC;0
36;hiking;h2.kIN;h-h.i-2.k-k.i-I.ng-N;5;6;2;word_hiking;1;CV.CVC;0
36;behind;bi.h2nd;b-b.e-i.h-h.i-2.n-n.d-d;6;6;2;word_behind;1;CV.CVCC;0
36;nine;n2n;n-n.i-2.n-n.e-*;4;4;1;word_nine;1;CVC;0
37;no;n5;n-n.o-5;2;2;1;word_no;1;CV;0
37;so;s5;s-s.o-5;2;2;1;word_so;1;CV;0
37;go;g5;g-g.o-5;2;2;1;word_go;1;CV;0
37;cold;k5ld;c-k.o-5.l-l.d-d;4;4;1;word_cold;1;CVCC;0
37;gold;g5ld;g-g.o-5.l-l.d-d;4;4;1;word_gold;1;CVCC;0
37;robe;r5b;r-r.o-5.b-b.e-*;4;4;1;word_robe;1;CVC;0
37;nose;n5z;n-n.o-5.s-z.e-*;4;4;1;word_nose;1;CVC;0
37;cone;k5n;c-k.o-5.n-n.e-*;4;4;1;word_cone;1;CVC;0
37;rose;r5z;r-r.o-5.s-z.e-*;4;4;1;word_rose;1;CVC;0
37;poke;p5k;p-p.o-5.k-k.e-*;4;4;1;word_poke;1;CVC;0
37;home;h5m;h-h.o-5.m-m.e-*;4;4;1;word_home;1;CVC;0
37;hope;h5p;h-h.o-5.p-p.e-*;4;4;1;word_hope;1;CVC;0
37;rope;r5p;r-r.o-5.p-p.e-*;4;4;1;word_rope;1;CVC;0
37;rode;r5d;r-r.o-5.d-d.e-*;4;4;1;word_rode;1;CVC;0
37;hose;h5z;h-h.o-5.s-z.e-*;4;4;1;word_hose;1;CVC;0
37;troll;tr5l;t-t.r-r.o-5.l-l.l-l;5;5;1;word_troll;1;CCVC;0
37;broke;br5k;b-b.r-r.o-5.k-k.e-*;5;5;1;word_broke;1;CCVC;0
37;choke;C5k;ch-C.o-5.k-k.e-*;4;5;1;word_choke;1;CVC;0
37;chose;C5z;ch-C.o-5.s-z.e-*;4;5;1;word_chose;1;CVC;0
37;open;5.pEn;o-5.p-p.e-E.n-n;4;4;2;word_open;1;V.CVC;0
37;golden;g5ld.En;g-g.o-5.l-l.d-d.e-E.n-n;6;6;2;word_golden;1;CVCC.VC;0
37;hole;h5l;h-h.o-5.l-l.e-*;4;4;1;word_hole;1;CVC;0
37;potatoes;p5.te.t5z;p-p.o-5.t-t.a-e.t-t.o-5.e-*.s-z;8;8;3;word_potatoes;1;CV.CV.CVC;0
37;old;5ld;o-5.l-l.d-d;3;3;1;word_old;1;VCC;0
37;broken;br5.kEn;b-b.r-r.o-5.k-k.e-E.n-n;6;6;2;word_broken;1;CCV.CVC;0
37;going;g5.IN;g-g.o-5.i-I.ng-N;4;5;2;word_going;1;CV.VC;0
37;stole;st5l;s-s.t-t.o-5.l-l.e-*;5;5;1;word_stole;1;CCVC;0
38;use;Yz;u-Y.s-z.e-*;3;3;1;word_use;1;VC;0
38;fume;fYm;f-f.u-Y.m-m.e-*;4;4;1;word_fume;1;CVC;0
38;cute;kYt;c-k.u-Y.t-t.e-*;4;4;1;word_cute;1;CVC;0
38;cube;kYb;c-k.u-Y.b-b.e-*;4;4;1;word_cube;1;CVC;0
38;mule;mYl;m-m.u-Y.l-l.e-*;4;4;1;word_mule;1;CVC;0
39;eating;i.tIN;ea-i.t-t.i-I.ng-N;4;6;2;word_eating;1;V.CVC;0
39;eat;it;ea-i.t-t;2;3;1;word_eat;1;VC;0
39;tea;ti;t-t.ea-i;2;3;1;word_tea;1;CV;0
39;sea;si;s-s.ea-i;2;3;1;word_sea;1;CV;0
39;east;ist;ea-i.s-s.t-t;3;4;1;word_east;1;VCC;0
39;each;iC;ea-i.ch-C;2;4;1;word_each;1;VC;0
39;year;jir;y-j.ea-i.r-r;3;4;1;word_year;1;CVC;0
39;bean;bin;b-b.ea-i.n-n;3;4;1;word_bean;1;CVC;0
39;meat;mit;m-m.ea-i.t-t;3;4;1;word_meat;1;CVC;0
39;peas;piz;p-p.ea-i.s-z.;3;4;1;word_peas;1;CVC;0
39;beat;bit;b-b.ea-i.t-t;3;4;1;word_beat;1;CVC;0
39;heat;hit;h-h.ea-i.t-t;3;4;1;word_heat;1;CVC;0
39;leaf;lif;l-l.ea-i.f-f;3;4;1;word_leaf;1;CVC;0
39;seat;sit;s-s.ea-i.t-t;3;4;1;word_seat;1;CVC;0
39;neat;nit;n-n.ea-i.t-t;3;4;1;word_neat;1;CVC;0
39;beast;bist;b-b.ea-i.s-s.t-t;4;5;1;word_beast;1;CVCC;0
39;beach;biC;b-b.ea-i.ch-C;3;5;1;word_beach;1;CVC;0
39;tease;tiz;t-t.ea-i.s-z.e-*;4;5;1;word_tease;1;CVC;0
39;cheap;Cip;ch-C.ea-i.p-p;3;5;1;word_cheap;1;CVC;0
39;eagle;i.gl;ea-i.g-g.l-l.e-*;4;5;2;word_eagle;1;V.CC;0
39;beans;binz;b-b.ea-i.n-n.s-z;4;5;1;word_beans;1;CVCC;0
39;treat;trit;t-t.r-r.ea-i.t-t;4;5;1;word_treat;1;CCVC;0
39;speak;spik;s-s.p-p.ea-i.k-k;4;5;1;word_speak;1;CCVC;0
39;please;pliz;p-p.l-l.ea-i.s-z.e-*;5;6;1;word_please;1;CCVC;0
39;teasing;ti.zIN;t-t.ea-i.s-z.i-I.ng-N;5;7;2;word_teasing;1;CV.CVC;0
39;speaking;spi.kIN;s-s.p-p.ea-i.k-k.i-I.ng-N;6;8;2;word_speaking;1;CCV.CVC;0
39;screams;skrimz;s-s.c-k.r-r.ea-i.m-m.s-z;6;7;1;word_screams;1;CCCVCC;0
39;reading;ri.dIN;r-r.ea-i.d-d.i-I.ng-N;5;7;2;word_reading;1;CV.CVC;0
39;treat;trit;t-t.r-r.ea-i.t-t;4;5;1;word_treat;;CCVC;
39;teaches;tiC.z;t-t.ea-i.ch-C.e-*.s-z;5;7;2;word_teaches;1;CVC.C;0
39;peanut;pi.nVt;p-p.ea-i.n-n.u-V.t-t.s-s;6;6;2;word_peanut;1;CV.CVC;0
39;leak;lik;l-l.ea-i.k-k;3;4;1;word_leak;1;CVC;0
39;reach;riC;r-r.ea-i.ch-C;3;5;1;word_reach;1;CVC;0
39;leaves;livz;l-l.ea-i.v-v.e-*.s-z;5;6;1;word_leaves;1;CVvC;0
40;aid;ed;ai-e.d-d;2;3;1;word_aid;1;VC;0
40;aim;em;ai-e.m-m;2;3;1;word_aim;1;VC;0
40;main;men;m-m.ai-e.n-n;3;4;1;word_main;1;CVC;0
40;pain;pen;p-p.ai-e.n-n.;3;4;1;word_pain;1;CVC;0
40;sail;sel;s-s.ai-e.l-l;3;4;1;word_sail;1;CVC;0
40;pail;pel;p-p.ai-e.l-l;3;4;1;word_pail;1;CVC;0
40;nail;nel;n-n.ai-e.l-l;3;4;1;word_nail;1;CVC;0
40;rail;rel;r-r.ai-e.l-l;3;4;1;word_rail;1;CVC;0
40;mail;mel;m-m.ai-e.l-l;3;4;1;word_mail;1;CVC;0
40;tail;tel;t-t.ai-e.l-l;3;4;1;word_tail;1;CVC;0
40;fail;fel;f-f.ai-e.l-l;3;4;1;word_fail;1;CVC;0
40;maid;med;m-m.ai-e.d-d;3;4;1;word_maid;1;CVC;0
40;rain;ren;r-r.ai-e.n-n;3;4;1;word_rain;1;CVC;0
40;wait;wet;w-w.ai-e.t-t;3;4;1;word_wait;1;CVC;0
40;paint;pent;p-p.ai-e.n-n.t-t;4;5;1;word_paint;1;CVCC;0
40;train;tren;t-t.r-r.ai-e.n-n;4;5;1;word_train;1;CCVC;0
40;grain;gren;g-g.r-r.ai-e.n-n;4;5;1;word_grain;1;CCVC;0
40;snail;snel;s-s.n-n.ai-e.l-l;4;5;1;word_snail;1;CCVC;0
40;chain;Cen;ch-C.ai-e.n-n;3;5;1;word_chain;1;CVC;0
40;brain;bren;b-b.r-r.ai-e.n-n;4;5;1;word_brain;1;CCVC;0
40;waiting;we.tIN;w-w.ai-e.t-t.i-I.ng-N;5;7;2;word_waiting;1;CV.CVC;0
40;painting;pe.tIN;p-p.ai-e.n-n.t-t.i-I.ng-N;6;8;2;word_painting;1;CV.CVC;0
40;sails;selz;s-s.ai-e.l-l.s-z;4;5;1;word_sails;1;CVCC;0
40;sailing;se.lIN;s-s.ai-e.l-l.i-I.ng-N;5;7;2;word_sailing;1;CV.CVC;0
40;snails;snelz;s-s.n-n.ai-e.l-l.s-z;5;6;1;word_snails;1;CCVCC;0
40;paints;pents;p-p.ai-e.n-n.t-t.s-s;5;6;1;word_paints;1;CVCCC;0
40;rains;renz;r-r.ai-e.n-n.s-z;4;5;1;word_rains;1;CVCC;0
41;law;lO;l-l.aw-O;2;3;1;word_law;1;CV;0
41;yawn;jOn;y-j.aw-O.n-n;3;4;1;word_yawn;1;CVC;0
41;paw;pO;p-p.aw-O;2;3;1;word_paw;1;CV;0
41;straw;strO;s-s.t-t.r-r.aw-O;4;5;1;word_straw;1;CCCV;0
41;crawl;krOl;c-k.r-r.aw-O.l-l;4;5;1;word_crawl;1;CCVC;0
41;claws;klOz;c-k.l-l.aw-O.s-z;4;5;1;word_claws;1;CCVC;0
41;saw;sO;s-s.aw-O;2;3;1;word_saw;1;CV;0
41;saws;sOz;s-s.aw-O.s-z;3;4;1;word_saws;1;CVC;0
41;jaw;JO;j-J.aw-O;2;3;1;word_jaw;1;CV;0
41;jaws;JOz;j-J.aw-O.s-z;3;4;1;word_jaws;1;CVC;0
41;paws;pOz;p-p.aw-O.s-z;3;4;1;word_paws;1;CVC;0
41;draw;drOz;d-d.r-r.aw-O;3;4;1;word_draw;1;CCVC;0
42;thirteen;T3.tin;th-T.ir-3.t-t.ee-i.n-n;5;8;2;word_thirteen;1;CV.CVC;0
42;shirt;S3t;sh-S.ir-3.t-t;3;5;1;word_shirt;1;CVC;0
42;sir;s3;s-s.ir-3;2;3;1;word_sir;1;CV;0
42;dirt;d3t;d-d.ir-3.t-t;3;4;1;word_dirt;1;CVC;0
42;bird;b3d;b-b.ir-3.d-d;3;4;1;word_bird;1;CVC;0
42;first;f3st;f-f.ir-3.s-s.t-t;4;5;1;word_first;1;CVCC;0
42;thirst;T3st;th-T.ir-3.s-s.t-t;4;6;1;word_thirst;1;CVCC;0
42;girl;g3l;g-g.ir-3.l-l;3;4;1;word_girl;1;CVC;0
42;firm;f3m;f-f.ir-3.m-m;3;4;1;word_firm;1;CVC;0
42;skirt;sk3t;s-s.k-k.ir-3.t-t;4;5;1;word_skirt;1;CCVC;0
42;third;T3d;th-T.ir-3.d-d;3;5;1;word_third;1;CVC;0
42;stir;st3;s-s.t-t.ir-3;3;4;1;word_stir;1;CCV;0
42;swirl;sw3l;s-s.w-w.ir-3.l-l;4;5;1;word_swirl;1;CCVC;0
42;fir;f3;f-f.ir-3;2;3;1;word_fir;1;CV;0
42;chirp;C3p;ch-C.ir-3.p-p;3;5;1;word_chirp;1;CVC;0
42;shirts;S3ts;sh-S.ir-3.t-t.s-s;4;6;1;word_shirts;1;CVCC;0
43;car;k#;c-k.ar-#;2;3;1;word_car;1;CV;0
43;far;f#;f-f.ar-#;2;3;1;word_far;1;CV;0
43;bar;b#;b-b.ar-#;2;3;1;word_bar;1;CV;0
43;barn;b#n;b-b.ar-#.n-n;3;4;1;word_barn;1;CVC;0
43;harp;h#p;h-h.ar-#.p-p;3;4;1;word_harp;1;CVC;0
43;shark;S@k;sh-S.ar-#.k-k;3;5;1;word_shark;1;CVC;0
43;star;st#;s-s.t-t.ar-#;3;4;1;word_star;1;CCV;0
43;farm;f#m;f-f.ar-#.m-m;3;4;1;word_farm;1;CVC;0
43;dark;d#k;d-d.ar-#.k-k;3;4;1;word_dark;1;CVC;0
43;hard;h#d;h-h.ar-#.d-d;3;4;1;word_hard;1;CVC;0
43;park;p#k;p-p.ar-#.k-k;3;4;1;word_park;1;CVC;0
43;argue;#gY;ar-#.g-g.u-Y.e-*;4;5;1;word_argue;1;VCV;0
43;harness;h#.nes;h-h.ar-#.n-n.e-E.s-s.s-s;6;7;2;word_harness;1;CV.CVC;0
43;art;#t;ar-#.t-t;2;3;1;word_art;1;VC;0
43;ark;#k;ar-#.k-k;2;3;1;word_ark;1;VC;0
43;parking;p#.kIN;p-p.ar-#.k-k.i-I.ng-N;5;7;2;word_parking;1;CV.CVC;0
43;march;m#C;m-m.ar-#.ch-C;3;5;1;word_march;1;CVC;0
43;marching;m#C.IN;m-m.ar-#.ch-C.i-I.ng-N;5;8;2;word_marching;1;CVC.VC;0
43;yarn;j#n;y-j.ar-#.n-n;3;4;1;word_yarn;1;CVC;0
43;arch;#C;ar-#.ch-C;2;4;1;word_arch;1;VC;0
43;are;#;ar-#.e-*;2;3;1;word_are;1;V;0
43;market;m#.kEt;m-m.ar-#.k-k.e-E.t-t;5;6;2;word_market;1;CV.CVC;0
43;garden;g#.dEn;g-g.ar-#.d-d.e-E.n-n;5;6;2;word_garden;1;CV.CVC;0
44;corn;k$n;c-k.or-$.n-n;3;4;1;word_corn;1;CVC;0
44;born;b$n;b-b.or-$.n-n;3;4;1;word_born;1;CVC;0
44;torn;t$n;t-t.or-$.n-n;3;4;1;word_torn;1;CVC;0
44;horn;h$n;h-h.or-$.n-n;3;4;1;word_horn;1;CVC;0
44;hornet;h$.nEt;h-h.or-$.n-n.e-E.t-t;5;6;2;word_hornet;1;CV.CVC;0
44;tore;t$;t-t.or-$.e-*;3;4;1;word_tore;1;CV;0
44;more;m$;m-m.or-$.e-*;3;4;1;word_more;1;CV;0
44;for;f$;f-f.or-$;2;3;1;word_for;1;CV;0
44;or;$;or-$;1;2;1;word_or;1;V;0
44;horse;h$s;h-h.or-$.s-s.e-*;4;5;1;word_horse;1;CVC;0
44;horses;h$s.Ez;h-h.or-$.s-s.e-E.s-z;5;6;2;word_horses;1;CVC.VC;0
44;organic;$.gan.Ik;or-$.g-g.a-a.n-n.i-I.c-k;6;7;3;word_organic;1;V.CVC.VC;0
44;shore;S$;sh-S.or-$.e-*;3;5;1;word_shore;1;CV;0
44;core;k$;c-k.or-$.e-*;3;4;1;word_core;1;CV;0
44;store;st$;s-s.t-t.or-$.e-*;4;5;1;word_store;1;CCV;0
44;sore;s$;s-s.or-$.e-*;3;4;1;word_sore;1;CV;0
44;forest;f$.Est;f-f.or-$.e-E.s-s.t-t;5;6;2;word_forest;1;CV.VCC;0
44;door;d5$;d-d.o-5.or-$;3;4;1;word_door;1;CVV;0
45;purrs;p3rz;p-p.ur-3.r-r.s-z;4;5;1;word_purrs;0;CVCC;0
45;fur;f3z;f-f.ur-3;2;3;1;word_fur;1;CVC;0
45;purr;p3r;p-p.ur-3.r-r;3;4;1;word_purr;1;CVC;0
45;curd;k3d;c-k.ur-3.d-d;3;4;1;word_curd;1;CVC;0
45;burn;b3n;b-b.ur-3.n-n;3;4;1;word_burn;1;CVC;0
45;burp;b3p;b-b.ur-3.b-b;3;4;1;word_burp;1;CVC;0
45;turn;t3n;t-t.ur-3.n-n;3;4;1;word_turn;1;CVC;0
45;purse;p3s;p-p.ur-3.s-s.e-*;4;5;1;word_purse;1;CVC;0
45;burst;b3st;b-b.ur-3.s-s.t-t;4;5;1;word_burst;1;CVCC;0
45;slurp;sl3p;s-s.l-l.ur-3.p-p;4;5;1;word_slurp;1;CCVC;0
45;nurse;n3s;n-n.ur-3.s-s.e-*;4;5;1;word_nurse;1;CVC;0
45;purple;p3.pl;p-p.ur-3.p-p.l-l.e-*;5;6;2;word_purple;1;CV.CC;0
45;church;C3rC;ch-C.ur-3.ch-C;3;6;1;word_church;1;CVCC;0
45;turtle;t3r.tl;t-t.ur-3.t-t.l-l.e-*;5;6;2;word_turtle;1;CVC.CC;0
45;injure;In.J3;i-I.n-n.j-J.ur-3.e-*;5;6;2;word_injure;1;VC.CV;0
45;disturb;dIs.t3b;d-d.i-I.s-s.t-t.ur-3.b-b;6;7;2;word_disturb;1;CVC.CVC;0
45;surprise;s3.pr2z;s-s.ur-3.p-p.r-r.i-2.s-z.e-*;7;8;2;word_surprise;1;CV.CCVC;0
45;turns;t3nz;t-t.ur-3.n-n.s-z;4;5;1;word_turns;1;CVCC;0
46;her;h3;h-h.er-3;2;3;1;word_her;1;CV;0
46;fern;f3n;f-f.er-3.n-n;3;4;1;word_fern;1;CVC;0
46;were;w3;w-w.er-3.e-*;3;4;1;word_were;1;CV;0
46;herd;h3d;h-h.er-3.d-d;3;4;1;word_herd;1;CVC;0
46;ever;E.v3;e-E.v-v.er-3;3;4;2;word_ever;1;V.vV;0
46;enter;En.t3;e-E.n-n.t-t.er-3;4;5;2;word_enter;1;VC.CV;0
46;liter;lI.t3;l-l.i-I.t-t.t-t.er-3;5;5;2;word_liter;1;CV.CV;0
46;under;Vn.d3;u-V.n-n.d-d.er-3;4;5;2;word_under;1;VC.CV;0
46;otter;ot.t3;o-o.t-t.t-t.er-3;4;5;2;word_otter;1;VC.CV;0
46;river;rI.v3;r-r.i-I.v-v.er-3;4;5;2;word_river;1;CV.vV;0
46;offer;of.f3;o-o.f-f.f-f.er-3;4;5;2;word_offer;1;VC.CV;0
46;anger;en.g3;a-e.n-n.g-g.er-3;4;5;2;word_anger;1;VC.CV;0
46;butter;bVt.t3;b-b.u-V.t-t.t-t.er-3;5;6;2;word_butter;1;CVC.CV;0
46;letter;lEt.t3;l-l.e-E.t-t.t-t.er-3;5;6;2;word_letter;1;CVC.CV;0
46;hunter;hVn.t3;h-h.u-V.n-n.t-t.er-3;5;6;2;word_hunter;1;CVC.CV;0
46;dinner;dIn.n3;d-d.i-I.n-n.n-n.er-3;5;6;2;word_dinner;1;CVC.CV;0
46;holler;hol.l3;h-h.o-o.l-l.l-l.er-3;5;6;2;word_holler;1;CVC.CV;0
46;silver;sIl.v3;s-s.i-I.l-l.v-v.er-3;5;6;2;word_silver;1;CVC.vV;0
46;banner;ban.n3;b-b.a-a.n-n.n-n.er-3;5;6;2;word_banner;1;CVC.CV;0
46;matter;mat.t3;m-m.a-a.t-t.t-t.er-3;5;6;2;word_matter;1;CVC.CV;0
46;suffer;sVf.f3;s-s.u-V.f-f.f-f.er-3;5;6;2;word_suffer;1;CVC.CV;0
46;robber;rob.b3;r-r.o-o.b-b.b-b.er-3;5;6;2;word_robber;1;CVC.CV;0
46;temper;tEm.p3;t-t.e-E.m-m.p-p.er-3;5;6;2;word_temper;1;CVC.CV;0
46;hammer;ham.m3;h-h.a-a.m-m.m-m.er-3;5;6;2;word_hammer;1;CVC.CV;0
46;painter;pen.t3;p-p.ai-e.n-n.t-t.er-3;5;7;2;word_painter;1;CVC.CV;0
46;teacher;ti.C3;t-t.ea-i.ch-C.er-3;4;7;2;word_teacher;1;CV.CV;0
46;hamburger;ham.b3.g3;h-h.a-a.m-m.b-b.ur-3.g-g.er-3;7;9;3;word_hamburger;1;CVC.CV.CV;0
46;better;bEt.t3;b-b.e-E.t-t.t-t.er-3;5;6;2;word_better;1;CVC.CV;0
46;order;$.d3;or-$.d-d.er-3;3;5;2;word_order;1;V.CV;0
46;letters;lEt.t3z;l-l.e-E.t-t.t-t.er-3.s-z;6;7;2;word_letters;1;CVC.CVC;0
46;hamburgers;ham.b3.g3z;h-h.a-a.m-m.b-b.ur-3.g-g.er-3.s-z;8;10;3;word_hamburgers;1;CVC.CV.CVC;0
46;hangers;haN.g3z;h-h.a-a.n-N.g-g.er-3.s-z;6;7;2;word_hangers;1;CVC.CVC;0
46;fingers;fIN.g3z;f-f.i-I.n-N.g-g.er-3.s-z;6;7;2;word_fingers;1;CVC.CVC;0
46;dessert;dEz.z3t;d-d.e-E.s-z.s-z.er-3.t-t;6;7;2;word_dessert;1;CVC.CVC;0
46;sister;sIs.t3;s-s.i-I.s-s.t-t.er-3;5;6;2;word_sister;1;CVC.CV;0
46;over;5.v3;o-5.v-v.er-3;3;4;2;word_over;1;V.CV;0
46;after;af.t3;a-a.f-f.t-t.er-3;4;5;2;word_after;1;VC.CV;0
47;itch;IC;i-I.tch-C;2;4;1;word_itch;1;VC;0
47;catch;kaC;c-k.a-a.tch-C;3;5;1;word_catch;1;CVC;0
47;match;maC;m-m.a-a.tch-C;3;5;1;word_match;1;CVC;0
47;fetch;fEC;f-f.e-E.tch-C;3;5;1;word_fetch;1;CVC;0
47;pitch;pIC;p-p.i-I.tch-C;3;5;1;word_pitch;1;CVC;0
47;hatch;haC;h-h.a-a.tch-C;3;5;1;word_hatch;1;CVC;0
47;witch;wIC;w-w.i-I.tch-C;3;5;1;word_witch;1;CVC;0
47;patch;paC;p-p.a-a.tch-C;3;5;1;word_patch;1;CVC;0
47;ditch;dIC;d-d.i-I.tch-C;3;5;1;word_ditch;1;CVC;0
47;batch;baC;b-b.a-a.tch-C;3;5;1;word_batch;1;CVC;0
47;stitch;stIC;s-s.t-t.i-I.tch-C;4;6;1;word_stitch;1;CCVC;0
47;switch;swIC;s-s.w-w.i-I.tch-C;4;6;1;word_switch;1;CCVC;0
47;itching;IC.IN;i-I.tch-C.i-I.ng-N;4;7;2;word_itching;1;VC.VC;0
47;hatching;haC.IN;h-h.a-a.tch-C.i-I.ng-N;5;8;2;word_hatching;1;CVC.VC;0
47;scratch;skraC;s-s.c-k.r-r.a-a.tch-C;5;7;1;word_scratch;1;CCCVC;0
48;cent;sEnt;c-s.e-E.n-n.t-t;4;4;1;word_cent;1;CVCC;0
48;face;fes;f-f.a-e.c-s.e-*;4;4;1;word_face;1;CVC;0
48;dance;dans;d-d.a-a.n-n.c-s.e-*;5;5;1;word_dance;1;CVCC;0
48;slice;sl2s;s-s.l-l.i-2.c-s.e-*;5;5;1;word_slice;1;CCVC;0
48;grace;gres;g-g.r-r.a-e.c-s.e-*;5;5;1;word_grace;1;CCVC;0
48;space;spes;s-s.p-p.a-e.c-s.e-*;5;5;1;word_space;1;CCVC;0
48;trace;tres;t-t.r-r.a-e.c-s.e-*;5;5;1;word_trace;1;CCVC;0
48;brace;bras;b-b.r-r.a-e.c-s.e-*;5;5;1;word_brace;1;CCVC;0
48;peace;pis;p-p.ea-i.c-s.e-*;4;5;1;word_peace;1;CVC;0
48;circle;s3.kl;c-s.ir-3.c-k.l-l.e-*;5;6;2;word_circle;1;CV.CC;0
48;notice;n5.tIs;n-n.o-5.t-t.i-I.c-s.e-*;6;6;2;word_notice;1;CV.CVC;0
48;prince;prIns;p-p.r-r.i-I.n-n.c-s.e-*;6;6;1;word_prince;1;CCVCC;0
48;princess;prIn.ses;p-p.r-r.i-I.n-n.c-s.e-E.s-s.s-s;8;8;2;word_princess;1;CCVC.CVC;0
48;practice;prak.tis;p-p.r-r.a-a.c-k.t-t.i-I.c-s.e-*;8;8;2;word_practice;1;CCVC.CVC;0
48;cents;sents;c-s.e-E.n-n.t-t.s-s;5;5;1;word_cents;1;CVCCC;0
48;dancing;dans.IN;d-d.a-a.n-n.c-s.i-I.ng-N;6;7;2;word_dancing;1;CVCC.VC;0
48;race;res;r-r.a-e.c-s.e-*;4;4;1;word_race;1;CVC;0
48;fence;fEns;f-f.e-E.n-n.c-s.e-*;5;5;1;word_fence;1;CVCC;0
48;twice;tw2s;t-t.w-w.i-2.c-s.e-*;5;5;1;word_twice;1;CCVC;0
48;police;p5.l2s;p-p.o-5.l-l.i-2.c-s.e-*;6;6;2;word_police;1;CV.CVC;0
48;faces;fes.Ez;f-f.a-e.c-s.e-E.s-z;5;5;2;word_faces;1;CVC.VC;0
49;high;h2;h-h.igh-2;2;4;1;word_high;1;CV;0
49;light;l2t;l-l.igh-2.t-t;3;5;1;word_light;1;CVC;0
49;night;n2t;n-n.igh-2.t-t;3;5;1;word_night;1;CVC;0
49;right;r2t;r-r.igh-2.t-t;3;5;1;word_right;1;CVC;0
49;sight;s2t;s-s.igh-2.t-t;3;5;1;word_sight;1;CVC;0
49;might;m2t;m-m.igh-2.t-t;3;5;1;word_might;1;CVC;0
49;fright;fr2t;f-f.r-r.igh-2.t-t;4;6;1;word_fright;1;CCVC;0
49;bright;br2t;b-b.r-r.igh-2.t-t;4;6;1;word_bright;1;CCVC;0
49;flight;fl2t;f-f.l-l.igh-2.t-t;4;6;1;word_flight;1;CCVC;0
49;delight;di.l2t;d-d.e-i.l-l.igh-2.t-t;5;7;2;word_delight;1;CV.CVC;0
49;midnight;mId.n2t;m-m.i-I.d-d.n-n.igh-2.t-t;6;8;2;word_midnight;1;CVC.CVC;0
49;shines;S2nz;sh-S.i-2.n-n.e-*.s-z;5;6;1;;0;CVCC;0
50;skateboard;sket.b5rd;s-s.k-k.a-e.t-t.e-*.b-b.oa-5.r-r.d-d;9;10;2;word_skateboard;1;CCVC.CVCC;0
50;oat;5t;oa-5.t-t;2;3;1;word_oat;1;VC;0
50;oak;5k;oa-5.k-k;2;3;1;word_oak;1;VC;0
50;boat;b5t;b-b.oa-5.t-t;3;4;1;word_boat;1;CVC;0
50;coat;k5t;c-k.oa-5.t-t;3;4;1;word_coat;1;CVC;0
50;toad;t5d;t-t.oa-5.d-d;3;4;1;word_toad;1;CVC;0
50;goal;g5l;g-g.oa-5.l-l;3;4;1;word_goal;1;CVC;0
50;goat;g5t;g-g.oa-5.t-t;3;4;1;word_goat;1;CVC;0
50;roam;r5m;r-r.oa-5.m-m;3;4;1;word_roam;1;CVC;0
50;soak;s5k;s-s.oa-5.k-k;3;4;1;word_soak;1;CVC;0
50;moan;m5n;m-m.oa-5.n-n;3;4;1;word_moan;1;CVC;0
50;soap;s5p;s-s.oa-5.p-p;3;4;1;word_soap;1;CVC;0
50;loaf;l5f;l-l.oa-5.f-f;3;4;1;word_loaf;1;CVC;0
50;toads;t5dz;t-t.oa-5.d-d;3;5;1;word_toads;1;CVCC;0
50;croak;kr5k;c-k.r-r.oa-5.k-k;4;5;1;word_croak;1;CCVC;0
50;toast;t5st;t-t.oa-5.s-s.t-t;4;5;1;word_toast;1;CVCC;0
50;goats;g5ts;g-g.oa-5.t-t.s-s;4;5;1;word_goats;1;CVCC;0
50;cloak;kl5k;c-k.l-l.oa-5.k-k;4;5;1;word_cloak;1;CCVC;0
50;coach;k5C;c-k.oa-5.ch-C;3;5;1;word_coach;1;CVC;0
50;roast;r5st;r-r.oa-5.s-s.t-t;4;5;1;word_roast;1;CVCC;0
50;groan;gr5n;g-g.r-r.oa-5.n-n;4;5;1;word_groan;1;CCVC;0
50;float;fl5t;f-f.l-l.oa-5.t-t;4;5;1;word_float;1;CCVC;0
50;throat;Tr5t;th-T.r-r.oa-5.t-t;4;6;1;word_throat;1;CCVC;0
50;toasting;t5st.IN;t-t.oa-5.s-s.t-t.i-I.ng-N;6;8;2;word_toasting;1;CVCC.VC;0
50;cocoa;K5.k5;c-k.o-5.c-k.oa-5;4;5;2;word_cocoa;1;CV.CV;0
50;floats;fl5ts;f-f.l-l.oa-5.t-t.s-s;5;6;1;word_floats;1;CCVCC;0
50;croaks;kr5ks;c-k.r-r.oa-5.k-k.s-s;5;6;1;word_croaks;1;CCVCC;0
50;roasting;r5s.tIN;r-r.oa-5.s-s.t-t.i-I.ng-N;6;8;2;word_roasting;1;CVC.CVC;0
51;edge;EJ;e-E.dge-J;2;4;1;word_edge;1;VC;0
51;badge;baJ;b-b.a-a.dge-J;3;5;1;word_badge;1;CVC;0
51;lodge;loJ;l-l.o-o.dge-J;3;5;1;word_lodge;1;CVC;0
51;ledge;lEJ;l-l.e-E.dge-J;3;5;1;word_ledge;1;CVC;0
51;judge;JVJ;j-J.u-V.dge-J;3;5;1;word_judge;1;CVC;0
51;fudge;fVJ;f-f.u-V.dge-J;3;5;1;word_fudge;1;CVC;0
51;hedge;hEJ;h-h.e-E.dge-J;3;5;1;word_hedge;1;CVC;0
51;bridge;brIJ;b-b.r-r.i-I.dge-J;4;6;1;word_bridge;1;CCVC;0
51;sledge;slEJ;s-s.l-l.e-E.dge-J;4;6;1;word_sledge;1;CCVC;0
51;nudge;nVJ;n-n.u-V.dge-J;3;5;1;word_nudge;1;CVC;0
52;out;6t;ou-6.t-t;2;3;1;word_out;1;VC;0
52;our;6r;ou-6.r-r;2;3;1;word_our;1;VC;0
52;loud;l6d;l-l.ou-6.d-d;3;4;1;word_loud;1;CVC;0
52;ouch;6C;ou-6.ch-C;2;4;1;word_ouch;1;VC;0
52;sour;s6r;s-s.ou-6.r-r;3;4;1;word_sour;1;CVC;0
52;sound;s6nd;s-s.ou-6.n-n.d-d;4;5;1;word_sound;1;CVCC;0
52;south;s6T;s-s.ou-6.th-T;3;5;1;word_south;1;CVC;0
52;flour;fl6r;f-f.l-l.ou-6.er-3;4;5;1;word_flour;1;CCVC;0
52;house;h6s;h-h.ou-6.s-s.e-*;4;5;1;word_house;1;CVC;0
52;mouse;m6s;m-m.ou-6.s-s.e-*;4;5;1;word_mouse;1;CVC;0
52;mouth;m6T;m-m.ou-6.th-T;3;5;1;word_mouth;1;CVC;0
52;pound;p6nd;p-p.ou-6.n-n.d-d;4;5;1;word_pound;1;CVCC;0
52;cloud;kl6d;c-k.l-l.ou-6.d-d;4;5;1;word_cloud;1;CCVC;0
52;proud;pr6d;p-p.r-r.ou-6.d-d;4;5;1;word_proud;1;CCVC;0
52;pouch;p6C;p-p.ou-6.ch-C;3;5;1;word_pouch;1;CVC;0
52;founder;f6nd3;f-f.ou-6.n-n.d-d.er-3;5;7;1;word_founder;1;CVCCV;0
52;outside;6t.s2d;ou-6.t-t.s-s.i-2.d-d.e-*;6;7;2;word_outside;1;VC.CVC;0
52;louder;l6.d3;l-l.ou-6.d-d.er-3;4;6;2;word_louder;1;CV.CV;0
52;hideout;h2d.6t;h-h.i-2.d-d.e-*.ou-6.t-t;6;7;2;word_hideout;1;CVC.VC;0
52;shout;S6t;sh-S.ou-6.t-t;3;5;1;word_shout;1;CVC;0
52;round;r6nd;r-r.ou-6.n-n.d-d;4;5;1;word_round;1;CVCC;0
53;wheel;wil;wh-w.ee-i.l-l;3;5;1;word_wheel;1;CVC;0
53;wheels;wilz;wh-w.ee-i.l-l.s-z;4;6;1;word_wheels;1;CVCC;0
53;whiz;wIz;wh-w.i-I.z-z;3;4;1;word_whiz;1;CVC;0
53;when;wEn;wh-w.e-E.n-n;3;4;1;word_when;1;CVC;0
53;whip;wIp;wh-w.i-I.p-p;3;4;1;word_whip;1;CVC;0
53;wheat;wit;wh-w.ea-i.t-t;3;5;1;word_wheat;1;CVC;0
53;whirl;w3l;wh-w.ir-3.l-l;3;5;1;word_whirl;1;CVC;0
53;while;w2l;wh-w.i-2.l-l.e-*;4;5;1;word_while;1;CVC;0
53;whale;wel;wh-w.a-e.l-l.e-*;4;5;1;word_whale;1;CVC;0
53;which;wIC;wh-w.i-I.ch-C;3;5;1;word_which;1;CVC;0
53;whisk;wIsk;wh-w.i-I.s-s.k-k;4;5;1;word_whisk;1;CVCC;0
53;whisper;wIs.p3;wh-w.i-I.s-s.p-p.er-3;5;7;2;word_whisper;1;CVC.CV;0
53;whistle;wIs.tl;wh-w.i-I.s-s.t-t.l-l.e-*;6;7;2;word_whistle;1;CVC.CC;0
53;whiskers;wIsk3z;wh-w.i-I.s-s.k-k.er-3.s-z;6;8;1;word_whiskers;1;CVCCVC;0
53;whenever;wEn.Ev3;wh-w.e-E.n-n.e-E.v-v.er-3;6;8;2;word_whenever;1;CVC.VvV;0
54;hay;he;h-h.ay-e;2;3;1;word_hay;1;CV;0
54;pay;pe;p-p.ay-e;2;3;1;word_pay;1;CV;0
54;may;me;m-m.ay-e;2;3;1;word_may;1;CV;0
54;day;de;d-d.ay-e;2;3;1;word_day;1;CV;0
54;lay;le;l-l.ay-e;2;3;1;word_lay;1;CV;0
54;way;we;w-w.ay-e;2;3;1;word_way;1;CV;0
54;say;se;s-s.ay-e;2;3;1;word_say;1;CV;0
54;stay;ste;s-s.t-t.ay-e;3;4;1;word_stay;1;CCV;0
54;tray;tre;t-t.r-r.ay-e;3;4;1;word_tray;1;CCV;0
54;sway;swe;s-s.w-w.ay-e;3;4;1;word_sway;1;CCV;0
54;gray;gre;g-g.r-r.ay-e;3;4;1;word_gray;1;CCV;0
54;play;ple;p-p.l-l.ay-e;3;4;1;word_play;1;CCV;0
54;clay;kle;c-k.l-l.ay-e;3;4;1;word_clay;1;CCV;0
54;stray;stre;s-s.t-t.r-r.ay-e;4;5;1;word_stray;1;CCCV;0
54;crayon;kre.on;c-k.r-r.ay-e.o-o.n-n;5;6;2;word_crayon;1;CCV.VC;0
54;holiday;ho.lI.de;h-h.o-o.l-l.i-I.d-d.ay-e;6;7;3;word_holiday;1;CV.CV.CV;0
54;birthday;b3T.de;b-b.ir-3.th-T.d-d.ay-e;5;8;2;word_birthday;1;CVC.CV;0
54;plays;plez;p-p.l-l.ay-e.s-z;4;5;1;word_plays;1;CCVC;0
54;Sunday;sVn.de;s-s.u-V.n-n.d-d.ay-e;5;6;2;word_Sunday;1;CVC.CV;0
55;huge;hYJ;h-h.u-Y.g-J.e-*;4;4;1;word_huge;1;CVC;0
55;rigid;rIJ.Id;r-r.i-I.g-J.i-I.d-d;5;5;2;word_rigid;1;CVC.VC;0
55;gem;JEm;g-J.e-E.m-m;3;3;1;word_gem;1;CVC;0
55;cage;keJ;c-k.a-e.g-J.e-*;4;4;1;word_cage;1;CVC;0
55;page;peJ;p-p.a-e.g-J.e-*;4;4;1;word_page;1;CVC;0
55;range;renJ;r-r.a-e.n-n.g-J.e-*;5;5;1;word_range;1;CVCC;0
55;plunge;plVJ;p-p.l-l.u-V.n-n.g-J.e-*;6;6;1;word_plunge;1;CCVC;0
55;gentle;JEn.tl;g-J.e-E.n-n.t-t.l-l.e-*;6;6;2;word_gentle;1;CVC.CC;0
55;danger;den.J3;d-d.a-e.n-n.g-J.er-3;5;6;2;word_danger;1;CVC.CV;0
55;engine;En.JIn;e-E.n-n.g-J.i-I.n-n.e-*;6;6;2;word_engine;1;VC.CVC;0
55;ginger;JIn.J3;g-J.i-I.n-n.g-J.er-3;5;6;2;word_ginger;1;CVC.CV;0
55;imagine;Im.a.JIn;i-I.m-m.a-a.g-J.i-I.n-n.e-*;7;7;3;word_imagine;1;VC.V.CVC;0
55;giraffe;J3.af;g-J.ir-3.a-a.f-f.f-f.e-*;6;7;2;word_giraffe;1;CV.VC;0
55;age;eJ;a-e.g-J.e-*;3;3;1;word_age;1;VC;0
55;magic;maJ.Ik;m-m.a-a.g-J.i-I.c-k;5;5;2;word_magic;1;CVC.VC;0
55;stranger;streN.J3;s-s.t-t.r-r.a-a.n-N.g-J.er-3;7;8;2;word_stranger;1;CCCVC.CV;0
56;zoo;zu;z-z.oo-u;2;3;1;word_zoo;1;CV;0
56;boo;bu;b-b.oo-u;2;3;1;word_boo;1;CV;0
56;too;tu;t-t.oo-u;2;3;1;word_too;1;CV;0
56;goo;gu;g-g.oo-u;2;3;1;word_goo;1;CV;0
56;pool;pul;p-p.oo-u.l-l;3;4;1;word_pool;1;CVC;0
56;loop;lup;l-l.oo-u.p-p;3;4;1;word_loop;1;CVC;0
56;tool;tul;t-t.oo-u.l-l;3;4;1;word_tool;1;CVC;0
56;soon;sun;s-s.oo-u.n-n;3;4;1;word_soon;1;CVC;0
56;food;fud;f-f.oo-u.d-d;3;4;1;word_food;1;CVC;0
56;cool;kul;c-k.oo-u.l-l;3;4;1;word_cool;1;CVC;0
56;bloom;blum;b-b.l-l.oo-u.m-m;4;5;1;word_bloom;1;CCVC;0
56;drool;drul;d-d.r-r.oo-u.l-l;4;5;1;word_drool;1;CCVC;0
56;goose;gus;g-g.oo-u.s-s.e-*;4;5;1;word_goose;1;CVC;0
56;choose;Cuz;ch-C.oo-u.s-z.e-*;4;6;1;word_choose;1;CVC;0
56;snooze;snuz;s-s.n-n.oo-u.z-z.e-*;5;6;1;word_snooze;1;CCVC;0
56;rooster;ros.t3;r-r.oo-u.s-s.t-t.er-3;5;7;2;word_rooster;1;CVC.CV;0
56;afternoon;af.t3.nun;a-a.f-f.t-t.er-3.n-n.oo-u.n-n;7;9;3;word_afternoon;1;VC.CV.CVC;0
56;to;tu;t-t.o-u;2;2;1;word_to;1;CV;0
56;do;du;d-d.o-u;2;2;1;word_do;1;CV;0
56;loose;luz;l-l.oo-u.s-s.e-*;4;5;1;word_loose;1;CVC;0
56;moon;mun;m-m.oo-u.n-n;3;4;1;word_moon;1;CVC;0
56;you;ju;y-j.ou-u;2;3;1;word_you;1;CV;0
56;ooze;uz;oo-u.z-z.e-*;3;4;1;word_ooze;1;VC;0
56;blooms;blumz;b-b.l-l.oo-u.m-m.s-z;5;6;1;word_blooms;1;CCVCC;0
56;tonight;tu.n2t;t-t.o-u.n-n.igh-2.t-t;5;7;2;word_tonight;1;CV.CVC;0
56;bedroom;bEd.rum;b-b.e-E.d-d.r-r.oo-u.m-m;6;7;2;word_bedroom;1;CVC.CVC;0
57;this;DIs;th-D.i-I.s-s;3;4;1;word_this;1;CVC;0
57;that;Dat;th-D.a-a.t-t;3;4;1;word_that;1;CVC;0
57;than;Dan;th-D.a-a.n-n;3;4;1;word_than;1;CVC;0
57;these;Diz;th-D.e-i.s-z.e-*;4;5;1;word_these;1;CVC;0
57;bathe;beD;b-b.a-e.th-D.e-*;4;5;1;word_bathe;1;CVC;0
57;smooth;smuD;s-s.m-m.oo-u.th-D;4;6;1;word_smooth;1;CCVC;0
57;themselves;DEm.sElvz;th-D.e-E.m-m.s-s.e-E.l-l.v-v.e-*.s-z;9;10;2;word_themselves;1;CVC.CVCCC;0
57;them;DEm;th-D.e-E.m-m;3;4;1;word_them;1;CVC;0
58;son;s@n;s-s.o-@.n-n;3;3;1;word_son;1;CVC;0
58;won;w@n;w-w.o-@.n-n;3;3;1;word_won;1;CVC;0
58;ton;t@n;t-t.o-@.n-n;3;3;1;word_ton;1;CVC;0
58;the;D@;th-D.e-@;2;3;1;word_the;1;CV;0
58;boa;b5@;b-b.o-5.a-@;3;3;1;word_boa;1;CVV;0
58;come;k@m;c-k.o-@.m-m.e-*;4;4;1;word_come;1;CVC;0
58;some;s@m;s-s.o-@.m-m.e-*;4;4;1;word_some;1;CVC;0
58;want;w@nt;w-w.a-@.n-n.t-t;4;4;1;word_want;1;CVCC;0
58;love;l@v;l-l.o-@.v-v.e-*;4;4;1;word_love;1;CVC;0
58;from;fr@m;f-f.r-r.o-@.m-m;4;4;1;word_from;1;CCVC;0
58;what;w@t;wh-w.a-@.t-t;3;4;1;word_what;1;CVC;0
58;does;d@z;d-d.o-@.e-*.s-z;4;4;1;word_does;1;CVC;0
58;sofa;s5f@;s-s.o-5.f-f.a-@;4;4;1;word_sofa;1;CVCV;0
58;soda;s5d@;s-s.o-5.d-d.a-@;4;4;1;word_soda;1;CVCV;0
58;lion;l2@n;l-l.i-2.o-@.n-n;4;4;1;word_lion;1;CVVC;0
58;glove;gl@v;g-g.l-l.o-@.v-v.e-*;5;5;1;word_glove;1;CCVC;0
58;front;fr@nt;f-f.r-r.o-@.n-n.t-t;5;5;1;word_front;1;CCVCC;0
58;month;m@nT;m-m.o-@.n-n.th-T;4;5;1;word_month;1;CVCC;0
58;alone;@.l5n;a-@.l-l.o-5.n-n.e-*;5;5;2;word_alone;1;V.CVC;0
58;other;@.D3;o-@.th-D.er-3;3;5;2;word_other;1;V.CV;0
58;final;f2.n@l;f-f.i-2.n-n.a-@.l-l;5;5;2;word_final;1;CV.CVC;0
58;bacon;be.k@n;b-b.a-e.c-k.o-@.n-n;5;5;2;word_bacon;1;CV.CVC;0
58;lemon;lEm.@n;l-l.e-E.m-m.o-@.n-n;5;5;2;word_lemon;1;CVC.VC;0
58;cobra;c5.br@;c-k.o-5.b-b.r-r.a-@;5;5;2;word_cobra;1;cV.CCV;0
58;panda;pan.d@;p-p.a-a.n-n.d-d.a-@;5;5;2;word_panda;1;CVC.CV;0
58;pilot;p2.l@t;p-p.i-2.l-l.o-@.t-t;5;5;2;word_pilot;1;CV.CVC;0
58;arrive;@.r2v;a-@.r-r.r-r.i-2.v-v.e-*;6;6;2;word_arrive;1;V.CVC;0
58;mother;m@.D3;m-m.o-@.th-D.er-3;4;6;2;word_mother;1;CV.CV;0
58;person;p3.s@n;p-p.er-3.s-s.o-@.n-n;5;6;2;word_person;1;CV.CVC;0
58;collect;c@.lEkt;c-k.o-@.l-l.l-l.e-E.c-k.t-t;7;7;2;word_collect;1;CV.CVCC;0
58;brother;br@.d3;b-b.r-r.o-@.th-D.er-3;5;7;2;word_brother;1;CCV.CV;0
58;nothing;n@T.IN;n-n.o-@.th-T.i-I.ng-N;5;7;2;word_nothing;1;CVC.VC;0
58;kitchen;kIC.En;k-k.i-I.tch-C.e-@.n-n;5;7;2;word_kitchen;1;CVC.VC;0
58;complete;k@m.plit;c-k.o-@.m-m.p-p.l-l.e-i.t-t.e-*;8;8;2;word_complete;1;CVC.CCVC;0
58;something;s@m.TIN;s-s.o-@.m-m.e-*.th-T.i-I.ng-N;7;9;2;word_something;1;CVC.CVC;0
58;does;d@z;d-d.o-@.e-*.s-z;4;4;1;word_does;1;CVC;0
58;another;@.n@.D3;a-@.n-n.o-@.th-D.er-3;5;7;3;word_another;1;V.CV.CV;0
58;dragon;dra.g@n;d-d.r-r.a-a.g-g.o-@.n-n;6;6;2;word_dragon;1;CCV.CVC;0
58;around;@.r6nd;a-@.r-r.ou-6.n-n.d-d;5;6;2;word_around;1;V.CVCC;0
59;tow;t5;t-t.ow-5;2;3;1;word_tow;1;CV;0
59;row;r5;r-r.ow-5;2;3;1;word_row;1;CV;0
59;bowl;b5l;b-b.ow-5.l-l;3;4;1;word_bowl;1;CVC;0
59;crow;kr5;c-k.r-r.ow-5;3;4;1;word_crow;1;CCV;0
59;grow;gr5;g-g.r-r.ow-5;3;4;1;word_grow;1;CCV;0
59;blow;bl5;b-b.l-l.ow-5;3;4;1;word_blow;1;CCV;0
59;throw;Tr5;th-T.r-r.ow-5;3;5;1;word_throw;1;CCV;0
59;blows;bl5z;b-b.l-l.ow-5.s-z;4;5;1;word_blows;1;CCVC;0
59;blowing;bl5.IN;b-b.l-l.ow-5.i-I.ng-N;5;7;2;word_blowing;1;CCV.VC;0
59;growing;gr5.IN;g-g.r-r.ow-5.i-I.ng-N;5;7;2;word_growing;1;CCV.VC;0
59;throwing;Tr5.IN;th-T.r-r.ow-5.i-I.ng-N;5;8;2;word_throwing;1;CCV.VC;0
59;bowling;b5.lIN;b-b.ow-5.l-l.i-I.ng-N;5;7;2;word_bowling;1;CV.CVC;0
59;show;S5;sh-S.ow-5;2;4;1;word_show;1;CV;0
60;queen;Kin;qu-K.ee-i.n-n;3;5;1;word_queen;1;CVC;0
60;quiz;KIz;qu-K.i-I.z-z;3;4;1;word_quiz;1;CVC;0
60;quack;Kak;qu-K.a-a.ck-k;3;5;1;word_quack;1;CVC;0
60;quite;K2t;qu-K.i-2.t-t.e-*;4;5;1;word_quite;1;CVC;0
60;quick;KIk;qu-K.i-I.ck-k;3;5;1;word_quick;1;CVC;0
60;quest;KEst;qu-K.e-E.s-s.t-t;4;5;1;word_quest;1;CVCC;0
60;quilt;KIlt;qu-K.i-I.l-l.t-t;4;5;1;word_quilt;1;CVCC;0
60;squirrel;sK3.r@l;s-s.qu-K.ir-3.r-r.e-@.l-l;6;8;2;word_squirrel;1;CCV.CVC;0
60;squid;sKId;s-s.qu-K.i-I.d-d;4;5;1;word_squid;1;CCVC;0
61;cow;k6;c-k.ow-6;2;3;1;word_cow;1;CV;0
61;owl;6l;ow-6.l-l;2;3;1;word_owl;1;VC;0
61;bow;b6;b-b.ow-6;2;3;1;word_bow;1;CV;0
61;now;n6;n-n.ow-6;2;3;1;word_now;1;CV;0
61;town;t6n;t-t.ow-6.n-n;3;4;1;word_town;1;CVC;0
61;down;d6n;d-d.ow-6.n-n;3;4;1;word_down;1;CVC;0
61;brow;br6;b-b.r-r.ow-6;3;4;1;word_brow;1;CCV;0
61;crowd;kr6d;c-k.r-r.ow-6.d-d;4;5;1;word_crowd;1;CCVC;0
61;crown;kr6n;c-k.r-r.ow-6.n-n;4;5;1;word_crown;1;CCVC;0
61;frown;fr6n;f-f.r-r.ow-6.n-n;4;5;1;word_frown;1;CCVC;0
61;brown;br6n;b-b.r-r.ow-6.n-n;4;5;1;word_brown;1;CCVC;0
61;power;p6.3;p-p.ow-6.er-3;3;5;2;word_power;1;CV.V;0
61;flower;fl6.3;f-f.l-l.ow-6.er-3;4;6;2;word_flower;1;CCV.V;0
61;powder;p6.d3;p-p.ow-6.d-d.er-3;4;6;2;word_powder;1;CV.CV;0
61;howling;h6.lIN;h-h.ow-6.l-l.i-I.ng-N;5;7;2;word_howling;1;CV.CVC;0
61;growling;gr6.lIN;g-g.r-r.ow-6.l-l.i-I.ng-N;6;8;2;word_growling;1;CCV.CVC;0
61;flowers;fl6.3z;f-f.l-l.ow-6.er-3.s-z;5;7;2;word_flowers;1;CCV.VC;0
61;how;h6;h-h.ow-6;2;3;1;word_how;1;CV;0
61;growls;gr6lz;g-g.r-r.ow-6.l-l.s-z;5;6;1;word_growls;1;CCVCC;0
61;growl;gr6l;g-g.r-r.ow-6.l-l.i-I.ng-N;6;5;1;word_growl;1;CCVC;0
62;knee;ni;kn-n.ee-i;2;4;1;word_knee;1;CV;0
62;knot;not;kn-n.o-o.t-t;3;4;1;word_knot;1;CVC;0
62;know;n5;kn-n.ow-5;2;4;1;word_know;1;CV;0
62;knock;nok;kn-n.o-o.ck-k;3;5;1;word_knock;1;CVC;0
62;knife;n2f;kn-n.i-2.f-f.e-*;4;5;1;word_knife;1;CVC;0
62;knight;n2t;kn-n.igh-2.t-t;3;6;1;word_knight;1;CVC;0
62;knights;n2ts;kn-n.igh-2.t-t.s-s;4;7;1;word_knights;1;CVCC;0
63;oil;4l;oi-4.l-l;2;3;1;word_oil;1;VC;0
63;boil;b4l;b-b.oi-4.l-l;3;4;1;word_boil;1;CVC;0
63;coin;k4n;c-k.oi-4.n-n;3;4;1;word_coin;1;CVC;0
63;oink;4nk;oi-4.n-n.k-k;3;4;1;word_oink;1;VCC;0
63;soil;s4l;s-s.oi-4.l-l;3;4;1;word_soil;1;CVC;0
63;point;p4nt;p-p.oi-4.n-n.t-t;4;5;1;word_point;1;CVCC;0
63;noise;n4z;n-n.oi-4.s-z.e-*;4;5;1;word_noise;1;CVC;0
63;coins;k4nz;c-k.oi-4.n-n.s-z;4;5;1;word_coins;1;CVCC;0
63;spoil;sp4l;s-s.p-p.oi-4.l-l;4;5;1;word_spoil;1;CCVC;0
63;choice;C4s;ch-C.oi-4.c-s.e-*;4;6;1;word_choice;1;CVC;0
63;boiling;b4l.IN;b-b.oi-4.l-l.i-I.ng-N;5;7;2;word_boiling;1;CVC.VC;0
63;boils;b4lz;b-b.oi-4.l-l.s-z;4;5;1;word_boils;1;CVCC;0
64;air;8;air-8;1;3;1;word_air;1;V;0
64;hair;h8;h-h.air-8;2;4;1;word_hair;1;CV;0
64;pair;p8;p-p.air-8;2;4;1;word_pair;1;CV;0
64;fair;f8;f-f.air-8;2;4;1;word_fair;1;CV;0
64;chair;C8;ch-C.air-8;2;5;1;word_chair;1;CV;0
64;stairs;st8z;s-s.t-t.air-8.s-z;4;6;1;word_stairs;1;CCVC;0
64;repair;ri.p8;r-r.e-i.p-p.air-8;4;6;2;word_repair;1;CV.CV;0
64;airport;8.p$t;air-8.p-p.or-$.t-t;4;7;2;word_airport;1;V.CVC;0
64;hairbrush;h8.bVS;h-h.air-8.b-b.r-r.u-V.sh-S;6;9;2;word_hairbrush;1;CV.CVC;0
64;downstairs;d6n.st8z;d-d.ow-6.n-n.s-s.t-t.air-8.s-z;7;10;2;word_downstairs;1;CVC.CCVC;0
64;fairground;f8.gr6nd;f-f.air-8.g-g.r-r.ou-6.n-n.d-d;7;10;2;word_fairground;1;CV.CCVCC;0
65;deer;d7;d-d.eer-7;2;4;1;word_deer;1;C7;0
65;peer;p7;p-p.eer-7;2;4;1;word_peer;1;C7;0
65;sneer;sn7r;s-s.n-n.eer-7;3;5;1;word_sneer;1;CC7C;0
65;cheer;C7;ch-C.eer-7;2;5;1;word_cheer;1;C7;0
65;peering;p7.IN;p-p.eer-7.i-I.ng-N;4;7;2;word_peering;1;C7.VC;0
65;cheering;C7.IN;ch-C.eer-7.i-I.ng-N;4;8;2;word_cheering;1;C7.VC;0
66;ear;7;ear-7;1;3;1;word_ear;1;V;0
66;rear;r7;r-r.ear-7;2;4;1;word_rear;1;CV;0
66;fear;f7;f-f.ear-7;2;4;1;word_fear;1;CV;0
66;tear;t7;t-t.ear-7;2;4;1;word_tear;1;CV;0
66;year;j7;y-j.ear-7;2;4;1;word_year;1;CV;0
66;hear;h7;h-h.ear-7;2;4;1;word_hear;1;CV;0
66;near;n7;n-n.ear-7;2;4;1;word_near;1;CV;0
66;dear;d7;d-d.ear-7;2;4;1;word_dear;1;CV;0
66;gear;g7;g-g.ear-7;2;4;1;word_gear;1;CV;0
66;clear;kl7;c-k.l-l.ear-7;3;5;1;word_clear;1;CCV;0
66;spear;sp7;s-s.p-p.ear-7;3;5;1;word_spear;1;CCV;0
66;appear;@.p7;a-@.p-p.p-p.ear-7;4;6;2;word_appear;1;V.CV;0
66;disappear;dIs.@.p7;d-d.i-I.s-s.a-@.p-p.ear-7;6;9;3;word_disappear;1;CVC.V.CV;0
67;book;bUk;b-b.oo-U.k-k;3;4;1;word_book;1;CVC;0
67;foot;fUt;f-f.oo-U.t-t;3;4;1;word_foot;1;CVC;0
67;cook;kUk;c-k.oo-U.k-k;3;4;1;word_cook;1;CVC;0
67;hood;hUd;h-h.oo-U.d-d;3;4;1;word_hood;1;CVC;0
67;look;lUk;l-l.oo-U.k-k;3;4;1;word_look;1;CVC;0
67;took;tUk;t-t.oo-U.k-k;3;4;1;word_took;1;CVC;0
67;good;gUd;g-g.oo-U.d-d;3;4;1;word_good;1;CVC;0
67;hook;hUk;h-h.oo-U.k-k;3;4;1;word_hook;1;CVC;0
67;stood;stUd;s-s.t-t.oo-U.d-d;4;5;1;word_stood;1;CCVC;0
67;shook;SUk;sh-S.oo-U.k-k;3;5;1;word_shook;1;CVC;0
67;crook;krUk;c-k.r-r.oo-U.k-k;4;5;1;word_crook;1;CCVC;0
67;cooking;kUk.IN;c-k.oo-U.k-k;3;7;2;word_cooking;1;CVC.VC;0
67;looking;lUk.IN;l-l.oo-U.k-k.i-I.ng-N;5;7;2;word_looking;1;CVC.VC;0
67;hoots;h-h.oo-u.k-k;h-h.oo-u.t-t.s-s.;4;5;3;word_hoots;1;C-C.VV-V.C-C;0
67;books;bUks;b-b.oo-U.k-k.s-s;4;5;1;word_books;1;CVCC;0
68;my;m2;m-m.y-2;2;2;1;word_my;1;CV;0
68;by;b2;b-b.y-2;2;2;1;word_by;1;CV;0
68;fly;fl2;f-f.l-l.y-2;3;3;1;word_fly;1;CCV;0
68;shy;S2;sh-S.y-2;2;3;1;word_shy;1;CV;0
68;cry;kr2;c-k.r-r.y-2;3;3;1;word_cry;1;CCV;0
68;dye;d2;d-d.y-2.e-*;3;3;1;word_dye;1;CV;0
68;try;tr2;t-t.r-r.y-2;3;3;1;word_try;1;CCV;0
68;bye;b2;b-b.y-2.e-*;3;3;1;word_bye;1;CV;0
68;why;w2;wh-w.y-2;2;3;1;word_why;1;CV;0
68;type;t2p;t-t.y-2.p-p.e-*;4;4;1;word_type;1;CVC;0
68;crying;kr2.IN;c-k.r-r.y-2.i-I.ng-N;5;6;2;word_crying;1;CCV.VC;0
69;dumb;dVm;d-d.u-V.mb-m;3;4;1;word_dumb;1;CVC;0
69;lamb;lam;l-l.a-a.mb-m;3;4;1;word_lamb;1;CVC;0
69;bomb;bom;b-b.o-o.mb-m;3;4;1;word_bomb;1;CVC;0
69;thumb;TVm;th-T.u-V.mb-m;3;5;1;word_thumb;1;CVC;0
69;crumb;krVm;c-k.r-r.u-V.mb-m;4;5;1;word_crumb;1;CCVC;0
69;plumber;plV.m3;p-p.l-l.u-V.mb-m.er-3;5;7;2;word_plumber;1;CCV.CV;0
70;walnuts;wO.nVts;w-w.al-O.n-n.u-V.t-t.s-s;6;7;2;word_walnuts;1;CV.CVCC;0
70;all;Ol;al-O.l-l;2;3;1;word_all;1;VC;0
70;call;kOl;c-k.al-O.l-l;3;4;1;word_call;1;CVC;0
70;ball;bOl;b-b.al-O.l-l;3;4;1;word_ball;1;CVC;0
70;talk;tOk;t-t.al-O.k-k;3;4;1;word_talk;1;CVC;0
70;tall;tOl;t-t.al-O.l-l;3;4;1;word_tall;1;CVC;0
70;fall;fOl;f-f.al-O.l-l;3;4;1;word_fall;1;CVC;0
70;salt;sOt;s-s.al-O.t-t;3;4;1;word_salt;1;CVC;0
70;walk;wOk;w-w.al-O.k-k;3;4;1;word_walk;1;CVC;0
70;halt;hOt;h-h.al-O.t-t;3;4;1;word_halt;1;CVC;0
70;bald;bOd;b-b.al-O.d-d;3;4;1;word_bald;1;CVC;0
70;stall;stOl;s-s.t-t.al-O.l-l;4;5;1;word_stall;1;CCVC;0
70;chalk;COk;ch-C.al-O.k-k;3;5;1;word_chalk;1;CVC;0
70;talking;tO.kIN;t-t.al-O.k-k.i-I.ng-N;5;7;2;word_talking;1;CV.CVC;0
70;walking;wO.kIN;w-w.al-O.k-k.i-I.ng-N;5;7;2;word_walking;1;CV.CVC;0
70;false;fOs;f-f.al-O.s-s.e-*;4;5;1;word_false;1;CVC;0
70;sidewalk;s2d.wOk;s-s.i-2.d-d.e-*.w-w.al-O.k-k;7;8;2;word_sidewalk;1;CVC.CVC;0
70;football;fUt.bO;f-f.oo-U.t-t.b-b.al-O.l-l;6;8;2;word_football;1;CVC.CV;0
71;eats ;its;ea-i.t-t.s-s;3;5;1;;0;VCC;0
71;read;rEd;r-r.ea-E.d-d;3;4;1;word_read;1;CVC;0
71;head;hEd;h-h.ea-E.d-d;3;4;1;word_head;1;CVC;0
71;dead;dEd;d-d.ea-E.d-d;3;4;1;word_dead;1;CVC;0
71;bread;brEd;b-b.r-r.ea-E.d-d;4;5;1;word_bread;1;CCVC;0
71;dread;drEd;d-d.r-r.ea-E.d-d;4;5;1;word_dread;1;CCVC;0
71;tread;trEd;t-t.r-r.ea-E.d-d;4;5;1;word_tread;1;CCVC;0
71;spread;sprEd;s-s.p-p.r-r.ea-E.d-d;5;6;1;word_spread;1;CCCVC;0
71;thread;TrEd;th-T.r-r.ea-E.d-d;4;6;1;word_thread;1;CCVC;0
71;spreads;sprEdz;s-s.p-p.r-r.ea-E.d-d.s-z;6;7;1;word_spreads;1;CCCVCC;0
71;breakfast;brEk.fast;b-b.r-r.ea-E.k-k.f-f.a-a.s-s.t-t;8;9;2;word_breakfast;1;CCVC.CVCC;0
72;used;Yzd;u-Y.s-z.ed-d;3;4;1;word_used;1;VCC;0
72;hugged;hugd;h-h.u-V.g-g.g-g.ed-d;5;6;1;word_hugged;1;CVCC;0
72;called;kOd;c-k.al-O.l-l.ed-d;4;6;1;word_called;1;CVC;0
72;cleaned;klind;c-k.l-l.ea-i.n-n.ed-d;5;7;1;word_cleaned;1;CCVCC;0
72;rubbed;rVbd;r-r.u-V.b-b.b-b.ed-d;5;6;1;word_rubbed;1;CVCC;0
72;loved;l@vd;l-l.o-@.ed-d;3;5;1;word_loved;1;CVCC;0
72;offered;of.erd;o-o.f-f.f-f.er-3.ed-d;5;7;2;word_offered;1;VC.VCC;0
72;rained;rend;r-r.ai-e.n-n.ed-d;4;6;1;word_rained;1;CVCC;0
72;spelled;spEld;s-s.p-p.e-E.l-l.l-l.ed-d;6;7;1;word_spelled;1;CCVCC;0
72;danced;dansd;d-d.a-a.n-n.c-s.ed-d;5;6;1;word_danced;1;CVCCC;0
72;jumped;JVmpd;j-J.u-V.m-m.p-p.ed-d;5;6;1;word_jumped;1;CVCCC;0
73;wrap;rap;wr-r.a-a.p-p;3;4;1;word_wrap;1;CVC;0
73;wren;rEn;wr-r.e-E.n-n;3;4;1;word_wren;1;CVC;0
73;write;r2t;wr-r.i-2.t-t.e-*;4;5;1;word_write;1;CVC;0
73;wreck;rEk;wr-r.e-E.ck-k;3;5;1;word_wreck;1;CVC;0
73;wrist;rIst;wr-r.i-I.s-s.t-t;4;5;1;word_wrist;1;CVCC;0
73;wrong;roN;wr-r.o-o.ng-N;3;5;1;word_wrong;1;CVC;0
73;wreath;riT;wr-r.ea-i.th-T;3;6;1;word_wreath;1;CVC;0
73;wrapping;rap.pIN;wr-r.a-a.p-p.p-p.i-I.ng-N;6;8;2;word_wrapping;1;CVC.CVC;0
74;new;nu;n-n.ew-u;2;3;1;word_new;1;CV;0
74;knew;nu;kn-n.ew-u;2;4;1;word_knew;1;CV;0
74;brew;bru;b-b.r-r.ew-u;3;4;1;word_brew;1;CCV;0
74;blew;blu;b-b.l-l.ew-u;3;4;1;word_blew;1;CCV;0
74;flew;flu;f-f.l-l.ew-u;3;4;1;word_flew;1;CCV;0
74;newt;nut;n-n.ew-u.t-t;3;4;1;word_newt;1;CVC;0
74;chew;Cu;ch-C.ew-u;2;4;1;word_chew;1;CV;0
74;stew;stu;s-s.t-t.ew-u;3;4;1;word_stew;1;CCV;0
74;grew;gru;g-g.r-r.ew-u;3;4;1;word_grew;1;CCV;0
74;screw;skru;s-s.c-k.r-r.ew-u;4;5;1;word_screw;1;CCCV;0
74;newspaper;nuz.pe.p3;n-n.ew-u.s-z.p-p.a-e.p-p.er-3;7;9;3;word_newspaper;1;CVC.CV.CV;0
74;chewed;Cud;ch-C.ew-u.ed-d;3;6;1;word_chewed;1;CVC;0
75;put;pUt;p-p.u-U.t-t;3;3;1;word_put;1;CVC;0
75;push;pUS;p-p.u-U.sh-S;3;4;1;word_push;1;CVC;0
75;bush;bUS;b-b.u-U.sh-S;3;4;1;word_bush;1;CVC;0
75;pull;pUl;p-p.u-U.l-l.l-l;4;4;1;word_pull;1;CVC;0
75;bull;bUl;b-b.u-U.l-l.l-l;4;4;1;word_bull;1;CVC;0
75;gulp;gUlp;g-g.u-U.l-l.p-p;4;4;1;word_gulp;1;CVCC;0
75;bulb;bUlb;b-b.u-U.l-l.b-b;4;4;1;word_bulb;1;CVCC;0
75;butcher;bU.C3;b-b.u-U.tch-C.er-3;4;7;2;word_butcher;1;CV.CV;0
75;pushed;pUSd;p-p.u-U.sh-S.ed-d;4;6;1;word_pushed;1;CVCC;0
76;phone;f5n;ph-f.o-5.n-n.e-*;4;5;1;word_phone;1;CVC;0
76;dolphin;dol.fIn;d-d.o-o.l-l.ph-f.i-I.n-n;6;7;2;word_dolphin;1;CVC.CVC;0
76;telephone;tEl.@.f5n;t-t.e-E.l-l.e-@.ph-f.o-5.n-n.e-*;8;9;3;word_telephone;1;CVC.V.CVC;0
76;alphabet;al.f@.bEt;a-a.l-l.ph-f.a-@.b-b.e-E.t-t;7;8;3;word_alphabet;1;VC.CV.CVC;0
76;elephant;El.@.f@nt;e-E.l-l.e-@.ph-f.a-@.n-n.t-t;7;8;3;word_elephant;1;VC.V.CVCC;0
77;earth;3T;ear-3.th-T;2;5;1;word_earth;1;VC;0
77;pearl;p3l;p-p.ear-3.l-l;3;5;1;word_pearl;1;CVC;0
77;learn;l3n;l-l.ear-3.n-n;3;5;1;word_learn;1;CVC;0
77;search;s3C;s-s.ear-3.ch-C;3;6;1;word_search;1;CVC;0
77;learning;l3.nIN;l-l.ear-3.n-n.i-I.ng-N;5;8;2;word_learning;1;CV.CVC;0
77;searching;s3.CIN;s-s.ear-3.ch-C.i-I.ng-N;5;9;2;word_searching;1;CV.CVC;0
77;earn;3n;ear-3.n-n;2;4;1;word_earn;1;VC;0
77;pearls;p3lz;p-p.ear-3.l-l.s-z;4;6;1;word_pearls;1;CVCC;0
78;baby;be.bi;b-b.a-e.b-b.y-i;4;4;2;word_baby;1;CV.CV;0
78;easy;i.zi;ea-i.s-z.y-i;3;4;2;word_easy;1;V.CV;0
78;happy;hap.pi;h-h.a-a.p-p.p-p.y-i;5;5;2;word_happy;1;CVC.CV;0
78;silly;sIl.li;s-s.i-I.l-l.l-l.y-i;5;5;2;word_silly;1;CVC.CV;0
78;crazy;kre.zi;c-k.r-r.a-e.z-z.y-i;5;5;2;word_crazy;1;CCV.CV;0
78;sadly;sad.li;s-s.a-a.d-d.l-l.y-i;5;5;2;word_sadly;1;CVC.CV;0
78;funny;fVn.ni;f-f.u-V.n-n.n-n.y-i;5;5;2;word_funny;1;CVC.CV;0
78;tummy;tVm.mi;t-t.u-V.m-m.m-m.y-i;5;5;2;word_tummy;1;CVC.CV;0
78;messy;mEs.si;m-m.e-E.s-s.s-s.y-i;5;5;2;word_messy;1;CVC.CV;0
78;hungry;hVn.gri;h-h.u-V.n-n.g-g.r-r.y-i;6;6;2;word_hungry;1;CVC.CCV;0
78;fluffy;flVf.fi;f-f.l-l.f-f.f-f.y-i;5;6;2;word_fluffy;1;CCVC.CV;0
78;exactly;Ex.akt.li;e-E.x-x.a-a.c-k.t-t.l-l.y-i;7;7;3;word_exactly;1;VC.VCC.CV;0
78;bravely;braev.li;b-b.r-r.a-e.v-v.e-*.l-l.y-i;7;7;2;word_bravely;1;CCVVv.CV;0
78;entry;En.tri;e-E.n-n.t-t.r-r.y-i;5;5;2;word_entry;1;VC.CCV;0
78;really;ri.li;r-r.ea-i.l-l.l-l.y-i;5;6;2;word_really;1;CV.CV;0
79;chief;Cif;ch-C.ie-i.f-f;3;5;1;word_chief;1;CVC;0
79;field;fild;f-f.ie-i.l-l.d-d;4;5;1;word_field;1;CVCC;0
79;piece;pis;p-p.ie-i.c-s.e-*;4;5;1;word_piece;1;CVC;0
79;thief;Tif;th-T.ie-i.f-f;3;5;1;word_thief;1;CVC;0
79;babies;be.biz;b-b.a-e.b-b.ie-i.s-z;5;6;2;word_babies;1;CV.CVC;0
79;cities;sIt.iz;c-s.i-I.t-t.ie-i.s-z;5;6;2;word_cities;1;CVC.VC;0
79;cookie;kU.ki;c-k.oo-U.k-k.ie-i;4;6;2;word_cookie;1;CV.CV;0
79;fierce;firs;f-f.ie-i.r-r.c-s.e-*;5;6;1;word_fierce;1;CVCC;0
79;ladies;le.diz;l-l.a-e.d-d.ie-i.s-z;5;6;2;word_ladies;1;CV.CVC;0
79;daisies;de.ziz;d-d.ai-e.s-z.ie-i.s-z;5;7;2;word_daisies;1;CV.CVC;0
79;pansies;pan.ziz;p-p.a-a.n-n.s-z.ie-i.s-z;6;7;2;word_pansies;1;CVC.CVC;0
79;parties;p#.tiz;p-p.ar-#.t-t.ie-i.s-z;5;7;2;word_parties;1;CV.CVC;0
79;families;fam.Il.iz;f-f.a-a.m-m.i-I.l-l.ie-i.s-z;7;8;3;word_families;1;CVC.VC.VC;0
80;enjoyed;En.J4d;e-E.n-n.j-J.oy-4.ed-d;5;7;2;word_enjoyed;1;VC.CVC;0
80;boy;b4;b-b.oy-4;2;3;1;word_boy;1;CV;0
80;joy;J4;j-J.oy-4;2;3;1;word_joy;1;CV;0
80;toy;t4;t-t.oy-4;2;3;1;word_toy;1;CV;0
80;enjoy;En.J4;e-E.n-n.j-J.oy-4;4;5;2;word_enjoy;1;VC.CV;0
80;cowboy;k6.b4;c-k.ow-6.b-b.oy-4;4;6;2;word_cowboy;1;CV.CV;0
80;annoy;@.n4;a-@.n-n.n-n.oy-4;4;5;2;word_annoy;1;V.CV;0
80;loyal;l4.@l;l-l.oy-4.a-@.l-l;4;5;2;word_loyal;1;CV.VC;0
80;royal;r4.@l;r-r.oy-4.a-@.l-l;4;5;2;word_royal;1;CV.VC;0
80;voyage;v4.@J;v-v.oy-4.a-@.g-J.e-*;5;6;2;word_voyage;1;vV.VC;0
80;oysters;4.st3z;oy-4.s-s.t-t.er-3.s-z;5;7;2;word_oysters;1;V.CCVC;0
80;toys;t4z;t-t.oy-4.s-z;3;4;1;word_toys;1;CVC;0